"","YEAR","COUNTRY","wages_annual","wages_monthly","wages_hourly","Quintile"
"1",2019,"AT",24070,1649,9.52,1
"2",2020,"AT",24070,1649,9.52,1
"3",2021,"AT",24070,1649,9.52,1
"4",2010,"AT",19922,1360,7.96,1
"5",2011,"AT",20438,1397.25,8.15,1
"6",2012,"AT",20954,1434.5,8.34,1
"7",2013,"AT",21470,1471.75,8.53,1
"8",2014,"AT",21986,1509,8.72,1
"9",2015,"AT",22507,1544,8.92,1
"10",2016,"AT",23028,1579,9.12,1
"11",2017,"AT",23549,1614,9.32,1
"12",2018,"AT",24070,1649,9.52,1
"13",2019,"AT",31763,2181,12.45,2
"14",2020,"AT",31763,2181,12.45,2
"15",2021,"AT",31763,2181,12.45,2
"16",2010,"AT",26644,1802,10.53,2
"17",2011,"AT",27316.75,1852.75,10.7725,2
"18",2012,"AT",27989.5,1903.5,11.015,2
"19",2013,"AT",28662.25,1954.25,11.2575,2
"20",2014,"AT",29335,2005,11.5,2
"21",2015,"AT",29942,2049,11.7375,2
"22",2016,"AT",30549,2093,11.975,2
"23",2017,"AT",31156,2137,12.2125,2
"24",2018,"AT",31763,2181,12.45,2
"25",2019,"AT",38873,2693,15.27,3
"26",2020,"AT",38873,2693,15.27,3
"27",2021,"AT",38873,2693,15.27,3
"28",2010,"AT",32733,2224,12.96,3
"29",2011,"AT",33500.25,2286,13.225,3
"30",2012,"AT",34267.5,2348,13.49,3
"31",2013,"AT",35034.75,2410,13.755,3
"32",2014,"AT",35802,2472,14.02,3
"33",2015,"AT",36569.75,2527.25,14.3325,3
"34",2016,"AT",37337.5,2582.5,14.645,3
"35",2017,"AT",38105.25,2637.75,14.9575,3
"36",2018,"AT",38873,2693,15.27,3
"37",2019,"AT",49074,3360,18.99,4
"38",2020,"AT",49074,3360,18.99,4
"39",2021,"AT",49074,3360,18.99,4
"40",2010,"AT",41307,2804,16.24,4
"41",2011,"AT",42258.5,2874.75,16.5375,4
"42",2012,"AT",43210,2945.5,16.835,4
"43",2013,"AT",44161.5,3016.25,17.1325,4
"44",2014,"AT",45113,3087,17.43,4
"45",2015,"AT",46103.25,3155.25,17.82,4
"46",2016,"AT",47093.5,3223.5,18.21,4
"47",2017,"AT",48083.75,3291.75,18.6,4
"48",2018,"AT",49074,3360,18.99,4
"49",2019,"AT",76282,5009,28.42,5
"50",2020,"AT",76282,5009,28.42,5
"51",2021,"AT",76282,5009,28.42,5
"52",2010,"AT",64395,4225,24.32,5
"53",2011,"AT",65736.5,4319.5,24.7375,5
"54",2012,"AT",67078,4414,25.155,5
"55",2013,"AT",68419.5,4508.5,25.5725,5
"56",2014,"AT",69761,4603,25.99,5
"57",2015,"AT",71391.25,4704.5,26.5975,5
"58",2016,"AT",73021.5,4806,27.205,5
"59",2017,"AT",74651.75,4907.5,27.8125,5
"60",2018,"AT",76282,5009,28.42,5
"61",2019,"BE",27070,1967,11.38,1
"62",2020,"BE",27070,1967,11.38,1
"63",2021,"BE",27070,1967,11.38,1
"64",2010,"BE",26726,1839,11.47,1
"65",2011,"BE",27422.25,1905.75,11.7925,1
"66",2012,"BE",28118.5,1972.5,12.115,1
"67",2013,"BE",28814.75,2039.25,12.4375,1
"68",2014,"BE",29511,2106,12.76,1
"69",2015,"BE",28900.75,2071.25,12.415,1
"70",2016,"BE",28290.5,2036.5,12.07,1
"71",2017,"BE",27680.25,2001.75,11.725,1
"72",2018,"BE",27070,1967,11.38,1
"73",2019,"BE",34753,2494,14.44,2
"74",2020,"BE",34753,2494,14.44,2
"75",2021,"BE",34753,2494,14.44,2
"76",2010,"BE",32872,2248,14.01,2
"77",2011,"BE",33512,2310.75,14.2775,2
"78",2012,"BE",34152,2373.5,14.545,2
"79",2013,"BE",34792,2436.25,14.8125,2
"80",2014,"BE",35432,2499,15.08,2
"81",2015,"BE",35262.25,2497.75,14.92,2
"82",2016,"BE",35092.5,2496.5,14.76,2
"83",2017,"BE",34922.75,2495.25,14.6,2
"84",2018,"BE",34753,2494,14.44,2
"85",2019,"BE",42741,3092,17.97,3
"86",2020,"BE",42741,3092,17.97,3
"87",2021,"BE",42741,3092,17.97,3
"88",2010,"BE",38586,2633,16.42,3
"89",2011,"BE",39123.25,2691.25,16.645,3
"90",2012,"BE",39660.5,2749.5,16.87,3
"91",2013,"BE",40197.75,2807.75,17.095,3
"92",2014,"BE",40735,2866,17.32,3
"93",2015,"BE",41236.5,2922.5,17.4825,3
"94",2016,"BE",41738,2979,17.645,3
"95",2017,"BE",42239.5,3035.5,17.8075,3
"96",2018,"BE",42741,3092,17.97,3
"97",2019,"BE",52121,3788,22.57,4
"98",2020,"BE",52121,3788,22.57,4
"99",2021,"BE",52121,3788,22.57,4
"100",2010,"BE",46472,3183,20.25,4
"101",2011,"BE",46933.5,3237.25,20.4625,4
"102",2012,"BE",47395,3291.5,20.675,4
"103",2013,"BE",47856.5,3345.75,20.8875,4
"104",2014,"BE",48318,3400,21.1,4
"105",2015,"BE",49268.75,3497,21.4675,4
"106",2016,"BE",50219.5,3594,21.835,4
"107",2017,"BE",51170.25,3691,22.2025,4
"108",2018,"BE",52121,3788,22.57,4
"109",2019,"BE",69743,5121,32.18,5
"110",2020,"BE",69743,5121,32.18,5
"111",2021,"BE",69743,5121,32.18,5
"112",2010,"BE",63859,4429,29.23,5
"113",2011,"BE",64733.25,4509.25,29.52,5
"114",2012,"BE",65607.5,4589.5,29.81,5
"115",2013,"BE",66481.75,4669.75,30.1,5
"116",2014,"BE",67356,4750,30.39,5
"117",2015,"BE",67952.75,4842.75,30.8375,5
"118",2016,"BE",68549.5,4935.5,31.285,5
"119",2017,"BE",69146.25,5028.25,31.7325,5
"120",2018,"BE",69743,5121,32.18,5
"121",2019,"BG",3301,267,1.45,1
"122",2020,"BG",3301,267,1.45,1
"123",2021,"BG",3301,267,1.45,1
"124",2010,"BG",1840,148,0.88,1
"125",2011,"BG",1953.5,157,0.91,1
"126",2012,"BG",2067,166,0.94,1
"127",2013,"BG",2180.5,175,0.97,1
"128",2014,"BG",2294,184,1,1
"129",2015,"BG",2545.75,204.75,1.1125,1
"130",2016,"BG",2797.5,225.5,1.225,1
"131",2017,"BG",3049.25,246.25,1.3375,1
"132",2018,"BG",3301,267,1.45,1
"133",2019,"BG",4228,325,1.76,2
"134",2020,"BG",4228,325,1.76,2
"135",2021,"BG",4228,325,1.76,2
"136",2010,"BG",2413,187,1.11,2
"137",2011,"BG",2569,199.25,1.1525,2
"138",2012,"BG",2725,211.5,1.195,2
"139",2013,"BG",2881,223.75,1.2375,2
"140",2014,"BG",3037,236,1.28,2
"141",2015,"BG",3334.75,258.25,1.4,2
"142",2016,"BG",3632.5,280.5,1.52,2
"143",2017,"BG",3930.25,302.75,1.64,2
"144",2018,"BG",4228,325,1.76,2
"145",2019,"BG",5943,442,2.4,3
"146",2020,"BG",5943,442,2.4,3
"147",2021,"BG",5943,442,2.4,3
"148",2010,"BG",3375,256,1.52,3
"149",2011,"BG",3549.5,268.75,1.5575,3
"150",2012,"BG",3724,281.5,1.595,3
"151",2013,"BG",3898.5,294.25,1.6325,3
"152",2014,"BG",4073,307,1.67,3
"153",2015,"BG",4540.5,340.75,1.8525,3
"154",2016,"BG",5008,374.5,2.035,3
"155",2017,"BG",5475.5,408.25,2.2175,3
"156",2018,"BG",5943,442,2.4,3
"157",2019,"BG",8235,615,3.34,4
"158",2020,"BG",8235,615,3.34,4
"159",2021,"BG",8235,615,3.34,4
"160",2010,"BG",4792,357,2.12,4
"161",2011,"BG",5034.25,375.5,2.1775,4
"162",2012,"BG",5276.5,394,2.235,4
"163",2013,"BG",5518.75,412.5,2.2925,4
"164",2014,"BG",5761,431,2.35,4
"165",2015,"BG",6379.5,477,2.5975,4
"166",2016,"BG",6998,523,2.845,4
"167",2017,"BG",7616.5,569,3.0925,4
"168",2018,"BG",8235,615,3.34,4
"169",2019,"BG",14855,1103,6,5
"170",2020,"BG",14855,1103,6,5
"171",2021,"BG",14855,1103,6,5
"172",2010,"BG",8449,610,3.61,5
"173",2011,"BG",8944.5,649.25,3.75,5
"174",2012,"BG",9440,688.5,3.89,5
"175",2013,"BG",9935.5,727.75,4.03,5
"176",2014,"BG",10431,767,4.17,5
"177",2015,"BG",11537,851,4.6275,5
"178",2016,"BG",12643,935,5.085,5
"179",2017,"BG",13749,1019,5.5425,5
"180",2018,"BG",14855,1103,6,5
"181",2019,"CH",46483,3874,21.13,1
"182",2020,"CH",46483,3874,21.13,1
"183",2021,"CH",46483,3874,21.13,1
"184",2010,"CH",36166,2831,15.76,1
"185",2011,"CH",37750.25,3008.75,16.7825,1
"186",2012,"CH",39334.5,3186.5,17.805,1
"187",2013,"CH",40918.75,3364.25,18.8275,1
"188",2014,"CH",42503,3542,19.85,1
"189",2015,"CH",43498,3625,20.17,1
"190",2016,"CH",44493,3708,20.49,1
"191",2017,"CH",45488,3791,20.81,1
"192",2018,"CH",46483,3874,21.13,1
"193",2019,"CH",57371,4781,26.19,2
"194",2020,"CH",57371,4781,26.19,2
"195",2021,"CH",57371,4781,26.19,2
"196",2010,"CH",46060,3572,19.81,2
"197",2011,"CH",47818.5,3785.25,21.0325,2
"198",2012,"CH",49577,3998.5,22.255,2
"199",2013,"CH",51335.5,4211.75,23.4775,2
"200",2014,"CH",53094,4425,24.7,2
"201",2015,"CH",54163.25,4514,25.0725,2
"202",2016,"CH",55232.5,4603,25.445,2
"203",2017,"CH",56301.75,4692,25.8175,2
"204",2018,"CH",57371,4781,26.19,2
"205",2019,"CH",68395,5700,31.44,3
"206",2020,"CH",68395,5700,31.44,3
"207",2021,"CH",68395,5700,31.44,3
"208",2010,"CH",55785,4304,23.95,3
"209",2011,"CH",57652.5,4545.75,25.3275,3
"210",2012,"CH",59520,4787.5,26.705,3
"211",2013,"CH",61387.5,5029.25,28.0825,3
"212",2014,"CH",63255,5271,29.46,3
"213",2015,"CH",64540,5378.25,29.955,3
"214",2016,"CH",65825,5485.5,30.45,3
"215",2017,"CH",67110,5592.75,30.945,3
"216",2018,"CH",68395,5700,31.44,3
"217",2019,"CH",83242,6937,38.42,4
"218",2020,"CH",83242,6937,38.42,4
"219",2021,"CH",83242,6937,38.42,4
"220",2010,"CH",68750,5274,29.62,4
"221",2011,"CH",70707,5551,31.1675,4
"222",2012,"CH",72664,5828,32.715,4
"223",2013,"CH",74621,6105,34.2625,4
"224",2014,"CH",76578,6382,35.81,4
"225",2015,"CH",78244,6520.75,36.4625,4
"226",2016,"CH",79910,6659.5,37.115,4
"227",2017,"CH",81576,6798.25,37.7675,4
"228",2018,"CH",83242,6937,38.42,4
"229",2019,"CH",120831,10069,56.08,5
"230",2020,"CH",120831,10069,56.08,5
"231",2021,"CH",120831,10069,56.08,5
"232",2010,"CH",98040,7409,42.8,5
"233",2011,"CH",101036,7848.75,44.9925,5
"234",2012,"CH",104032,8288.5,47.185,5
"235",2013,"CH",107028,8728.25,49.3775,5
"236",2014,"CH",110024,9168,51.57,5
"237",2015,"CH",112725.75,9393.25,52.6975,5
"238",2016,"CH",115427.5,9618.5,53.825,5
"239",2017,"CH",118129.25,9843.75,54.9525,5
"240",2018,"CH",120831,10069,56.08,5
"241",2019,"CY",11700,898,4.98,1
"242",2020,"CY",11700,898,4.98,1
"243",2021,"CY",11700,898,4.98,1
"244",2010,"CY",11700,864,5,1
"245",2011,"CY",11558.5,858.25,4.9225,1
"246",2012,"CY",11417,852.5,4.845,1
"247",2013,"CY",11275.5,846.75,4.7675,1
"248",2014,"CY",11134,841,4.69,1
"249",2015,"CY",11275.5,855.25,4.7625,1
"250",2016,"CY",11417,869.5,4.835,1
"251",2017,"CY",11558.5,883.75,4.9075,1
"252",2018,"CY",11700,898,4.98,1
"253",2019,"CY",15233,1127,6.32,2
"254",2020,"CY",15233,1127,6.32,2
"255",2021,"CY",15233,1127,6.32,2
"256",2010,"CY",16266,1200,6.91,2
"257",2011,"CY",15955,1174.75,6.7525,2
"258",2012,"CY",15644,1149.5,6.595,2
"259",2013,"CY",15333,1124.25,6.4375,2
"260",2014,"CY",15022,1099,6.28,2
"261",2015,"CY",15074.75,1106,6.29,2
"262",2016,"CY",15127.5,1113,6.3,2
"263",2017,"CY",15180.25,1120,6.31,2
"264",2018,"CY",15233,1127,6.32,2
"265",2019,"CY",20179,1477,8.39,3
"266",2020,"CY",20179,1477,8.39,3
"267",2021,"CY",20179,1477,8.39,3
"268",2010,"CY",21548,1577,9.19,3
"269",2011,"CY",21143.75,1542.75,8.98,3
"270",2012,"CY",20739.5,1508.5,8.77,3
"271",2013,"CY",20335.25,1474.25,8.56,3
"272",2014,"CY",19931,1440,8.35,3
"273",2015,"CY",19993,1449.25,8.36,3
"274",2016,"CY",20055,1458.5,8.37,3
"275",2017,"CY",20117,1467.75,8.38,3
"276",2018,"CY",20179,1477,8.39,3
"277",2019,"CY",27980,2034,11.9,4
"278",2020,"CY",27980,2034,11.9,4
"279",2021,"CY",27980,2034,11.9,4
"280",2010,"CY",29764,2219,13.06,4
"281",2011,"CY",29230,2164.25,12.7725,4
"282",2012,"CY",28696,2109.5,12.485,4
"283",2013,"CY",28162,2054.75,12.1975,4
"284",2014,"CY",27628,2000,11.91,4
"285",2015,"CY",27716,2008.5,11.9075,4
"286",2016,"CY",27804,2017,11.905,4
"287",2017,"CY",27892,2025.5,11.9025,4
"288",2018,"CY",27980,2034,11.9,4
"289",2019,"CY",45500,3446,21.49,5
"290",2020,"CY",45500,3446,21.49,5
"291",2021,"CY",45500,3446,21.49,5
"292",2010,"CY",48229,3610,23.31,5
"293",2011,"CY",47286.25,3520,22.71,5
"294",2012,"CY",46343.5,3430,22.11,5
"295",2013,"CY",45400.75,3340,21.51,5
"296",2014,"CY",44458,3250,20.91,5
"297",2015,"CY",44718.5,3299,21.055,5
"298",2016,"CY",44979,3348,21.2,5
"299",2017,"CY",45239.5,3397,21.345,5
"300",2018,"CY",45500,3446,21.49,5
"301",2019,"CZ",8306,631,3.71,1
"302",2020,"CZ",8306,631,3.71,1
"303",2021,"CZ",8306,631,3.71,1
"304",2010,"CZ",6003,448,2.6,1
"305",2011,"CZ",5954.5,444.25,2.5825,1
"306",2012,"CZ",5906,440.5,2.565,1
"307",2013,"CZ",5857.5,436.75,2.5475,1
"308",2014,"CZ",5809,433,2.53,1
"309",2015,"CZ",6433.25,482.5,2.825,1
"310",2016,"CZ",7057.5,532,3.12,1
"311",2017,"CZ",7681.75,581.5,3.415,1
"312",2018,"CZ",8306,631,3.71,1
"313",2019,"CZ",11697,866,5.07,2
"314",2020,"CZ",11697,866,5.07,2
"315",2021,"CZ",11697,866,5.07,2
"316",2010,"CZ",8445,629,3.64,2
"317",2011,"CZ",8431,626.5,3.6325,2
"318",2012,"CZ",8417,624,3.625,2
"319",2013,"CZ",8403,621.5,3.6175,2
"320",2014,"CZ",8389,619,3.61,2
"321",2015,"CZ",9216,680.75,3.975,2
"322",2016,"CZ",10043,742.5,4.34,2
"323",2017,"CZ",10870,804.25,4.705,2
"324",2018,"CZ",11697,866,5.07,2
"325",2019,"CZ",14281,1064,6.17,3
"326",2020,"CZ",14281,1064,6.17,3
"327",2021,"CZ",14281,1064,6.17,3
"328",2010,"CZ",10551,796,4.59,3
"329",2011,"CZ",10540.5,793.75,4.5825,3
"330",2012,"CZ",10530,791.5,4.575,3
"331",2013,"CZ",10519.5,789.25,4.5675,3
"332",2014,"CZ",10509,787,4.56,3
"333",2015,"CZ",11452,856.25,4.9625,3
"334",2016,"CZ",12395,925.5,5.365,3
"335",2017,"CZ",13338,994.75,5.7675,3
"336",2018,"CZ",14281,1064,6.17,3
"337",2019,"CZ",17480,1304,7.53,4
"338",2020,"CZ",17480,1304,7.53,4
"339",2021,"CZ",17480,1304,7.53,4
"340",2010,"CZ",13207,1001,5.79,4
"341",2011,"CZ",13162.25,995.5,5.76,4
"342",2012,"CZ",13117.5,990,5.73,4
"343",2013,"CZ",13072.75,984.5,5.7,4
"344",2014,"CZ",13028,979,5.67,4
"345",2015,"CZ",14141,1060.25,6.135,4
"346",2016,"CZ",15254,1141.5,6.6,4
"347",2017,"CZ",16367,1222.75,7.065,4
"348",2018,"CZ",17480,1304,7.53,4
"349",2019,"CZ",25727,1862,10.81,5
"350",2020,"CZ",25727,1862,10.81,5
"351",2021,"CZ",25727,1862,10.81,5
"352",2010,"CZ",19656,1462,8.46,5
"353",2011,"CZ",19674,1460,8.46,5
"354",2012,"CZ",19692,1458,8.46,5
"355",2013,"CZ",19710,1456,8.46,5
"356",2014,"CZ",19728,1454,8.46,5
"357",2015,"CZ",21227.75,1556,9.0475,5
"358",2016,"CZ",22727.5,1658,9.635,5
"359",2017,"CZ",24227.25,1760,10.2225,5
"360",2018,"CZ",25727,1862,10.81,5
"361",2019,"DE",21201,1684,9.99,1
"362",2020,"DE",21201,1684,9.99,1
"363",2021,"DE",21201,1684,9.99,1
"364",2010,"DE",17367,1369,8.08,1
"365",2011,"DE",17589.75,1388.5,8.205,1
"366",2012,"DE",17812.5,1408,8.33,1
"367",2013,"DE",18035.25,1427.5,8.455,1
"368",2014,"DE",18258,1447,8.58,1
"369",2015,"DE",18993.75,1506.25,8.9325,1
"370",2016,"DE",19729.5,1565.5,9.285,1
"371",2017,"DE",20465.25,1624.75,9.6375,1
"372",2018,"DE",21201,1684,9.99,1
"373",2019,"DE",30050,2285,13.23,2
"374",2020,"DE",30050,2285,13.23,2
"375",2021,"DE",30050,2285,13.23,2
"376",2010,"DE",26737,2032,11.8,2
"377",2011,"DE",26818.75,2042.5,11.8325,2
"378",2012,"DE",26900.5,2053,11.865,2
"379",2013,"DE",26982.25,2063.5,11.8975,2
"380",2014,"DE",27064,2074,11.93,2
"381",2015,"DE",27810.5,2126.75,12.255,2
"382",2016,"DE",28557,2179.5,12.58,2
"383",2017,"DE",29303.5,2232.25,12.905,2
"384",2018,"DE",30050,2285,13.23,2
"385",2019,"DE",39023,2951,17.23,3
"386",2020,"DE",39023,2951,17.23,3
"387",2021,"DE",39023,2951,17.23,3
"388",2010,"DE",34747,2623,15.39,3
"389",2011,"DE",34991.5,2643.25,15.46,3
"390",2012,"DE",35236,2663.5,15.53,3
"391",2013,"DE",35480.5,2683.75,15.6,3
"392",2014,"DE",35725,2704,15.67,3
"393",2015,"DE",36549.5,2765.75,16.06,3
"394",2016,"DE",37374,2827.5,16.45,3
"395",2017,"DE",38198.5,2889.25,16.84,3
"396",2018,"DE",39023,2951,17.23,3
"397",2019,"DE",50422,3792,22.34,4
"398",2020,"DE",50422,3792,22.34,4
"399",2021,"DE",50422,3792,22.34,4
"400",2010,"DE",44430,3352,19.86,4
"401",2011,"DE",44929.5,3384.75,20.005,4
"402",2012,"DE",45429,3417.5,20.15,4
"403",2013,"DE",45928.5,3450.25,20.295,4
"404",2014,"DE",46428,3483,20.44,4
"405",2015,"DE",47426.5,3560.25,20.915,4
"406",2016,"DE",48425,3637.5,21.39,4
"407",2017,"DE",49423.5,3714.75,21.865,4
"408",2018,"DE",50422,3792,22.34,4
"409",2019,"DE",75495,5626,33.27,5
"410",2020,"DE",75495,5626,33.27,5
"411",2021,"DE",75495,5626,33.27,5
"412",2010,"DE",65691,4932,29.07,5
"413",2011,"DE",66757,4996,29.4425,5
"414",2012,"DE",67823,5060,29.815,5
"415",2013,"DE",68889,5124,30.1875,5
"416",2014,"DE",69955,5188,30.56,5
"417",2015,"DE",71340,5297.5,31.2375,5
"418",2016,"DE",72725,5407,31.915,5
"419",2017,"DE",74110,5516.5,32.5925,5
"420",2018,"DE",75495,5626,33.27,5
"421",2019,"DK",33882,2564,18.62,1
"422",2020,"DK",33882,2564,18.62,1
"423",2021,"DK",33882,2564,18.62,1
"424",2010,"DK",31020,2402,17.01,1
"425",2011,"DK",31165.5,2410.75,17.125,1
"426",2012,"DK",31311,2419.5,17.24,1
"427",2013,"DK",31456.5,2428.25,17.355,1
"428",2014,"DK",31602,2437,17.47,1
"429",2015,"DK",32172,2468.75,17.7575,1
"430",2016,"DK",32742,2500.5,18.045,1
"431",2017,"DK",33312,2532.25,18.3325,1
"432",2018,"DK",33882,2564,18.62,1
"433",2019,"DK",44704,3374,23.23,2
"434",2020,"DK",44704,3374,23.23,2
"435",2021,"DK",44704,3374,23.23,2
"436",2010,"DK",40196,3120,21.19,2
"437",2011,"DK",40567,3133.25,21.34,2
"438",2012,"DK",40938,3146.5,21.49,2
"439",2013,"DK",41309,3159.75,21.64,2
"440",2014,"DK",41680,3173,21.79,2
"441",2015,"DK",42436,3223.25,22.15,2
"442",2016,"DK",43192,3273.5,22.51,2
"443",2017,"DK",43948,3323.75,22.87,2
"444",2018,"DK",44704,3374,23.23,2
"445",2019,"DK",53290,4085,27.24,3
"446",2020,"DK",53290,4085,27.24,3
"447",2021,"DK",53290,4085,27.24,3
"448",2010,"DK",47494,3726,24.71,3
"449",2011,"DK",48053.5,3751.75,24.9125,3
"450",2012,"DK",48613,3777.5,25.115,3
"451",2013,"DK",49172.5,3803.25,25.3175,3
"452",2014,"DK",49732,3829,25.52,3
"453",2015,"DK",50621.5,3893,25.95,3
"454",2016,"DK",51511,3957,26.38,3
"455",2017,"DK",52400.5,4021,26.81,3
"456",2018,"DK",53290,4085,27.24,3
"457",2019,"DK",64120,4938,32.1,4
"458",2020,"DK",64120,4938,32.1,4
"459",2021,"DK",64120,4938,32.1,4
"460",2010,"DK",56830,4463,28.9,4
"461",2011,"DK",57654.75,4503.75,29.1475,4
"462",2012,"DK",58479.5,4544.5,29.395,4
"463",2013,"DK",59304.25,4585.25,29.6425,4
"464",2014,"DK",60129,4626,29.89,4
"465",2015,"DK",61126.75,4704,30.4425,4
"466",2016,"DK",62124.5,4782,30.995,4
"467",2017,"DK",63122.25,4860,31.5475,4
"468",2018,"DK",64120,4938,32.1,4
"469",2019,"DK",90445,6879,43.45,5
"470",2020,"DK",90445,6879,43.45,5
"471",2021,"DK",90445,6879,43.45,5
"472",2010,"DK",79290,6131,38.69,5
"473",2011,"DK",80731,6211,39.1825,5
"474",2012,"DK",82172,6291,39.675,5
"475",2013,"DK",83613,6371,40.1675,5
"476",2014,"DK",85054,6451,40.66,5
"477",2015,"DK",86401.75,6558,41.3575,5
"478",2016,"DK",87749.5,6665,42.055,5
"479",2017,"DK",89097.25,6772,42.7525,5
"480",2018,"DK",90445,6879,43.45,5
"481",2019,"EE",7708,640,3.47,1
"482",2020,"EE",7708,640,3.47,1
"483",2021,"EE",7708,640,3.47,1
"484",2010,"EE",4349,350,2.06,1
"485",2011,"EE",4696.75,378.25,2.17,1
"486",2012,"EE",5044.5,406.5,2.28,1
"487",2013,"EE",5392.25,434.75,2.39,1
"488",2014,"EE",5740,463,2.5,1
"489",2015,"EE",6232,507.25,2.7425,1
"490",2016,"EE",6724,551.5,2.985,1
"491",2017,"EE",7216,595.75,3.2275,1
"492",2018,"EE",7708,640,3.47,1
"493",2019,"EE",11137,920,4.97,2
"494",2020,"EE",11137,920,4.97,2
"495",2021,"EE",11137,920,4.97,2
"496",2010,"EE",6390,511,3.04,2
"497",2011,"EE",6912,553.25,3.2025,2
"498",2012,"EE",7434,595.5,3.365,2
"499",2013,"EE",7956,637.75,3.5275,2
"500",2014,"EE",8478,680,3.69,2
"501",2015,"EE",9142.75,740,4.01,2
"502",2016,"EE",9807.5,800,4.33,2
"503",2017,"EE",10472.25,860,4.65,2
"504",2018,"EE",11137,920,4.97,2
"505",2019,"EE",14489,1193,6.52,3
"506",2020,"EE",14489,1193,6.52,3
"507",2021,"EE",14489,1193,6.52,3
"508",2010,"EE",8537,678,4.09,3
"509",2011,"EE",9208,732.75,4.295,3
"510",2012,"EE",9879,787.5,4.5,3
"511",2013,"EE",10550,842.25,4.705,3
"512",2014,"EE",11221,897,4.91,3
"513",2015,"EE",12038,971,5.3125,3
"514",2016,"EE",12855,1045,5.715,3
"515",2017,"EE",13672,1119,6.1175,3
"516",2018,"EE",14489,1193,6.52,3
"517",2019,"EE",18556,1500,8.21,4
"518",2020,"EE",18556,1500,8.21,4
"519",2021,"EE",18556,1500,8.21,4
"520",2010,"EE",11305,895,5.33,4
"521",2011,"EE",12132.75,964.25,5.5875,4
"522",2012,"EE",12960.5,1033.5,5.845,4
"523",2013,"EE",13788.25,1102.75,6.1025,4
"524",2014,"EE",14616,1172,6.36,4
"525",2015,"EE",15601,1254,6.8225,4
"526",2016,"EE",16586,1336,7.285,4
"527",2017,"EE",17571,1418,7.7475,4
"528",2018,"EE",18556,1500,8.21,4
"529",2019,"EE",28420,2272,12.26,5
"530",2020,"EE",28420,2272,12.26,5
"531",2021,"EE",28420,2272,12.26,5
"532",2010,"EE",17807,1406,8.22,5
"533",2011,"EE",19019,1503.75,8.5825,5
"534",2012,"EE",20231,1601.5,8.945,5
"535",2013,"EE",21443,1699.25,9.3075,5
"536",2014,"EE",22655,1797,9.67,5
"537",2015,"EE",24096.25,1915.75,10.3175,5
"538",2016,"EE",25537.5,2034.5,10.965,5
"539",2017,"EE",26978.75,2153.25,11.6125,5
"540",2018,"EE",28420,2272,12.26,5
"541",2019,"EL",9629,649,4,1
"542",2020,"EL",9629,649,4,1
"543",2021,"EL",9629,649,4,1
"544",2010,"EL",14129,971,5.8,1
"545",2011,"EL",13386.75,914.5,5.35,1
"546",2012,"EL",12644.5,858,4.9,1
"547",2013,"EL",11902.25,801.5,4.45,1
"548",2014,"EL",11160,745,4,1
"549",2015,"EL",10777.25,721,4,1
"550",2016,"EL",10394.5,697,4,1
"551",2017,"EL",10011.75,673,4,1
"552",2018,"EL",9629,649,4,1
"553",2019,"EL",13311,902,5,2
"554",2020,"EL",13311,902,5,2
"555",2021,"EL",13311,902,5,2
"556",2010,"EL",18082,1245,7.32,2
"557",2011,"EL",17397.25,1198.25,6.99,2
"558",2012,"EL",16712.5,1151.5,6.66,2
"559",2013,"EL",16027.75,1104.75,6.33,2
"560",2014,"EL",15343,1058,6,2
"561",2015,"EL",14835,1019,5.75,2
"562",2016,"EL",14327,980,5.5,2
"563",2017,"EL",13819,941,5.25,2
"564",2018,"EL",13311,902,5,2
"565",2019,"EL",17130,1175,7,3
"566",2020,"EL",17130,1175,7,3
"567",2021,"EL",17130,1175,7,3
"568",2010,"EL",21864,1546,9.06,3
"569",2011,"EL",21104.25,1499,8.795,3
"570",2012,"EL",20344.5,1452,8.53,3
"571",2013,"EL",19584.75,1405,8.265,3
"572",2014,"EL",18825,1358,8,3
"573",2015,"EL",18401.25,1312.25,7.75,3
"574",2016,"EL",17977.5,1266.5,7.5,3
"575",2017,"EL",17553.75,1220.75,7.25,3
"576",2018,"EL",17130,1175,7,3
"577",2019,"EL",21663,1566,10,4
"578",2020,"EL",21663,1566,10,4
"579",2021,"EL",21663,1566,10,4
"580",2010,"EL",26617,1923,12.24,4
"581",2011,"EL",25876,1875.25,11.93,4
"582",2012,"EL",25135,1827.5,11.62,4
"583",2013,"EL",24394,1779.75,11.31,4
"584",2014,"EL",23653,1732,11,4
"585",2015,"EL",23155.5,1690.5,10.75,4
"586",2016,"EL",22658,1649,10.5,4
"587",2017,"EL",22160.5,1607.5,10.25,4
"588",2018,"EL",21663,1566,10,4
"589",2019,"EL",33358,2315,15,5
"590",2020,"EL",33358,2315,15,5
"591",2021,"EL",33358,2315,15,5
"592",2010,"EL",41422,2900,17.81,5
"593",2011,"EL",40003,2801,17.3575,5
"594",2012,"EL",38584,2702,16.905,5
"595",2013,"EL",37165,2603,16.4525,5
"596",2014,"EL",35746,2504,16,5
"597",2015,"EL",35149,2456.75,15.75,5
"598",2016,"EL",34552,2409.5,15.5,5
"599",2017,"EL",33955,2362.25,15.25,5
"600",2018,"EL",33358,2315,15,5
"601",2019,"ES",14279,1063,6.25,1
"602",2020,"ES",14279,1063,6.25,1
"603",2021,"ES",14279,1063,6.25,1
"604",2010,"ES",13501,999,5.86,1
"605",2011,"ES",13539,1009,5.9225,1
"606",2012,"ES",13577,1019,5.985,1
"607",2013,"ES",13615,1029,6.0475,1
"608",2014,"ES",13653,1039,6.11,1
"609",2015,"ES",13809.5,1045,6.145,1
"610",2016,"ES",13966,1051,6.18,1
"611",2017,"ES",14122.5,1057,6.215,1
"612",2018,"ES",14279,1063,6.25,1
"613",2019,"ES",18602,1370,8.03,2
"614",2020,"ES",18602,1370,8.03,2
"615",2021,"ES",18602,1370,8.03,2
"616",2010,"ES",17513,1281,7.49,2
"617",2011,"ES",17601,1293.75,7.575,2
"618",2012,"ES",17689,1306.5,7.66,2
"619",2013,"ES",17777,1319.25,7.745,2
"620",2014,"ES",17865,1332,7.83,2
"621",2015,"ES",18049.25,1341.5,7.88,2
"622",2016,"ES",18233.5,1351,7.93,2
"623",2017,"ES",18417.75,1360.5,7.98,2
"624",2018,"ES",18602,1370,8.03,2
"625",2019,"ES",23621,1709,10.05,3
"626",2020,"ES",23621,1709,10.05,3
"627",2021,"ES",23621,1709,10.05,3
"628",2010,"ES",22258,1596,9.41,3
"629",2011,"ES",22391.25,1613.75,9.515,3
"630",2012,"ES",22524.5,1631.5,9.62,3
"631",2013,"ES",22657.75,1649.25,9.725,3
"632",2014,"ES",22791,1667,9.83,3
"633",2015,"ES",22998.5,1677.5,9.885,3
"634",2016,"ES",23206,1688,9.94,3
"635",2017,"ES",23413.5,1698.5,9.995,3
"636",2018,"ES",23621,1709,10.05,3
"637",2019,"ES",31600,2242,13.31,4
"638",2020,"ES",31600,2242,13.31,4
"639",2021,"ES",31600,2242,13.31,4
"640",2010,"ES",29673,2109,12.57,4
"641",2011,"ES",29822.5,2128.25,12.7,4
"642",2012,"ES",29972,2147.5,12.83,4
"643",2013,"ES",30121.5,2166.75,12.96,4
"644",2014,"ES",30271,2186,13.09,4
"645",2015,"ES",30603.25,2200,13.145,4
"646",2016,"ES",30935.5,2214,13.2,4
"647",2017,"ES",31267.75,2228,13.255,4
"648",2018,"ES",31600,2242,13.31,4
"649",2019,"ES",49406,3402,20.52,5
"650",2020,"ES",49406,3402,20.52,5
"651",2021,"ES",49406,3402,20.52,5
"652",2010,"ES",46062,3172,19.49,5
"653",2011,"ES",46210.75,3206,19.6475,5
"654",2012,"ES",46359.5,3240,19.805,5
"655",2013,"ES",46508.25,3274,19.9625,5
"656",2014,"ES",46657,3308,20.12,5
"657",2015,"ES",47344.25,3331.5,20.22,5
"658",2016,"ES",48031.5,3355,20.32,5
"659",2017,"ES",48718.75,3378.5,20.42,5
"660",2018,"ES",49406,3402,20.52,5
"661",2019,"FI",26846,2105,12.62,1
"662",2020,"FI",26846,2105,12.62,1
"663",2021,"FI",26846,2105,12.62,1
"664",2010,"FI",23818,1877,11.38,1
"665",2011,"FI",24473,1914.25,11.6225,1
"666",2012,"FI",25128,1951.5,11.865,1
"667",2013,"FI",25783,1988.75,12.1075,1
"668",2014,"FI",26438,2026,12.35,1
"669",2015,"FI",26540,2045.75,12.4175,1
"670",2016,"FI",26642,2065.5,12.485,1
"671",2017,"FI",26744,2085.25,12.5525,1
"672",2018,"FI",26846,2105,12.62,1
"673",2019,"FI",32785,2525,15.08,2
"674",2020,"FI",32785,2525,15.08,2
"675",2021,"FI",32785,2525,15.08,2
"676",2010,"FI",29190,2256,13.69,2
"677",2011,"FI",30026.25,2300.75,13.9675,2
"678",2012,"FI",30862.5,2345.5,14.245,2
"679",2013,"FI",31698.75,2390.25,14.5225,2
"680",2014,"FI",32535,2435,14.8,2
"681",2015,"FI",32597.5,2457.5,14.87,2
"682",2016,"FI",32660,2480,14.94,2
"683",2017,"FI",32722.5,2502.5,15.01,2
"684",2018,"FI",32785,2525,15.08,2
"685",2019,"FI",38764,2958,17.49,3
"686",2020,"FI",38764,2958,17.49,3
"687",2021,"FI",38764,2958,17.49,3
"688",2010,"FI",34394,2642,15.96,3
"689",2011,"FI",35427,2694.25,16.28,3
"690",2012,"FI",36460,2746.5,16.6,3
"691",2013,"FI",37493,2798.75,16.92,3
"692",2014,"FI",38526,2851,17.24,3
"693",2015,"FI",38585.5,2877.75,17.3025,3
"694",2016,"FI",38645,2904.5,17.365,3
"695",2017,"FI",38704.5,2931.25,17.4275,3
"696",2018,"FI",38764,2958,17.49,3
"697",2019,"FI",47640,3592,21.28,4
"698",2020,"FI",47640,3592,21.28,4
"699",2021,"FI",47640,3592,21.28,4
"700",2010,"FI",42258,3197,19.23,4
"701",2011,"FI",43559,3264.5,19.6375,4
"702",2012,"FI",44860,3332,20.045,4
"703",2013,"FI",46161,3399.5,20.4525,4
"704",2014,"FI",47462,3467,20.86,4
"705",2015,"FI",47506.5,3498.25,20.965,4
"706",2016,"FI",47551,3529.5,21.07,4
"707",2017,"FI",47595.5,3560.75,21.175,4
"708",2018,"FI",47640,3592,21.28,4
"709",2019,"FI",67699,4991,29.92,5
"710",2020,"FI",67699,4991,29.92,5
"711",2021,"FI",67699,4991,29.92,5
"712",2010,"FI",60830,4416,26.94,5
"713",2011,"FI",62829.75,4512,27.505,5
"714",2012,"FI",64829.5,4608,28.07,5
"715",2013,"FI",66829.25,4704,28.635,5
"716",2014,"FI",68829,4800,29.2,5
"717",2015,"FI",68546.5,4847.75,29.38,5
"718",2016,"FI",68264,4895.5,29.56,5
"719",2017,"FI",67981.5,4943.25,29.74,5
"720",2018,"FI",67699,4991,29.92,5
"721",2019,"FR",20548,1599,10.42,1
"722",2020,"FR",20548,1599,10.42,1
"723",2021,"FR",20548,1599,10.42,1
"724",2010,"FR",18820,1467,9.56,1
"725",2011,"FR",19078,1489.25,9.6975,1
"726",2012,"FR",19336,1511.5,9.835,1
"727",2013,"FR",19594,1533.75,9.9725,1
"728",2014,"FR",19852,1556,10.11,1
"729",2015,"FR",20026,1566.75,10.1875,1
"730",2016,"FR",20200,1577.5,10.265,1
"731",2017,"FR",20374,1588.25,10.3425,1
"732",2018,"FR",20548,1599,10.42,1
"733",2019,"FR",25622,1976,12.72,2
"734",2020,"FR",25622,1976,12.72,2
"735",2021,"FR",25622,1976,12.72,2
"736",2010,"FR",23071,1774,11.44,2
"737",2011,"FR",23509.25,1812.25,11.67,2
"738",2012,"FR",23947.5,1850.5,11.9,2
"739",2013,"FR",24385.75,1888.75,12.13,2
"740",2014,"FR",24824,1927,12.36,2
"741",2015,"FR",25023.5,1939.25,12.45,2
"742",2016,"FR",25223,1951.5,12.54,2
"743",2017,"FR",25422.5,1963.75,12.63,2
"744",2018,"FR",25622,1976,12.72,2
"745",2019,"FR",31051,2393,15.34,3
"746",2020,"FR",31051,2393,15.34,3
"747",2021,"FR",31051,2393,15.34,3
"748",2010,"FR",27820,2127,13.74,3
"749",2011,"FR",28382.75,2177,14.04,3
"750",2012,"FR",28945.5,2227,14.34,3
"751",2013,"FR",29508.25,2277,14.64,3
"752",2014,"FR",30071,2327,14.94,3
"753",2015,"FR",30316,2343.5,15.04,3
"754",2016,"FR",30561,2360,15.14,3
"755",2017,"FR",30806,2376.5,15.24,3
"756",2018,"FR",31051,2393,15.34,3
"757",2019,"FR",39393,3011,19.04,4
"758",2020,"FR",39393,3011,19.04,4
"759",2021,"FR",39393,3011,19.04,4
"760",2010,"FR",35270,2687,17.29,4
"761",2011,"FR",35919,2738.75,17.57,4
"762",2012,"FR",36568,2790.5,17.85,4
"763",2013,"FR",37217,2842.25,18.13,4
"764",2014,"FR",37866,2894,18.41,4
"765",2015,"FR",38247.75,2923.25,18.5675,4
"766",2016,"FR",38629.5,2952.5,18.725,4
"767",2017,"FR",39011.25,2981.75,18.8825,4
"768",2018,"FR",39393,3011,19.04,4
"769",2019,"FR",61663,4648,27.95,5
"770",2020,"FR",61663,4648,27.95,5
"771",2021,"FR",61663,4648,27.95,5
"772",2010,"FR",55064,4108,25.33,5
"773",2011,"FR",55783.25,4183,25.725,5
"774",2012,"FR",56502.5,4258,26.12,5
"775",2013,"FR",57221.75,4333,26.515,5
"776",2014,"FR",57941,4408,26.91,5
"777",2015,"FR",58871.5,4468,27.17,5
"778",2016,"FR",59802,4528,27.43,5
"779",2017,"FR",60732.5,4588,27.69,5
"780",2018,"FR",61663,4648,27.95,5
"781",2019,"HR",7091,573,3.11,1
"782",2020,"HR",7091,573,3.11,1
"783",2021,"HR",7091,573,3.11,1
"784",2010,"HR",5597,447,2.65,1
"785",2011,"HR",5657,454.5,2.635,1
"786",2012,"HR",5717,462,2.62,1
"787",2013,"HR",5777,469.5,2.605,1
"788",2014,"HR",5837,477,2.59,1
"789",2015,"HR",6150.5,501,2.72,1
"790",2016,"HR",6464,525,2.85,1
"791",2017,"HR",6777.5,549,2.98,1
"792",2018,"HR",7091,573,3.11,1
"793",2019,"HR",9585,775,4.19,2
"794",2020,"HR",9585,775,4.19,2
"795",2021,"HR",9585,775,4.19,2
"796",2010,"HR",7771,624,3.69,2
"797",2011,"HR",7905,636.25,3.68,2
"798",2012,"HR",8039,648.5,3.67,2
"799",2013,"HR",8173,660.75,3.66,2
"800",2014,"HR",8307,673,3.65,2
"801",2015,"HR",8626.5,698.5,3.785,2
"802",2016,"HR",8946,724,3.92,2
"803",2017,"HR",9265.5,749.5,4.055,2
"804",2018,"HR",9585,775,4.19,2
"805",2019,"HR",12379,998,5.37,3
"806",2020,"HR",12379,998,5.37,3
"807",2021,"HR",12379,998,5.37,3
"808",2010,"HR",10219,827,4.86,3
"809",2011,"HR",10451,846.25,4.87,3
"810",2012,"HR",10683,865.5,4.88,3
"811",2013,"HR",10915,884.75,4.89,3
"812",2014,"HR",11147,904,4.9,3
"813",2015,"HR",11455,927.5,5.0175,3
"814",2016,"HR",11763,951,5.135,3
"815",2017,"HR",12071,974.5,5.2525,3
"816",2018,"HR",12379,998,5.37,3
"817",2019,"HR",15592,1267,6.83,4
"818",2020,"HR",15592,1267,6.83,4
"819",2021,"HR",15592,1267,6.83,4
"820",2010,"HR",13419,1095,6.44,4
"821",2011,"HR",13534.5,1106.25,6.3725,4
"822",2012,"HR",13650,1117.5,6.305,4
"823",2013,"HR",13765.5,1128.75,6.2375,4
"824",2014,"HR",13881,1140,6.17,4
"825",2015,"HR",14308.75,1171.75,6.335,4
"826",2016,"HR",14736.5,1203.5,6.5,4
"827",2017,"HR",15164.25,1235.25,6.665,4
"828",2018,"HR",15592,1267,6.83,4
"829",2019,"HR",23718,1896,10.22,5
"830",2020,"HR",23718,1896,10.22,5
"831",2021,"HR",23718,1896,10.22,5
"832",2010,"HR",20056,1636,9.6,5
"833",2011,"HR",20296.75,1653.75,9.5075,5
"834",2012,"HR",20537.5,1671.5,9.415,5
"835",2013,"HR",20778.25,1689.25,9.3225,5
"836",2014,"HR",21019,1707,9.23,5
"837",2015,"HR",21693.75,1754.25,9.4775,5
"838",2016,"HR",22368.5,1801.5,9.725,5
"839",2017,"HR",23043.25,1848.75,9.9725,5
"840",2018,"HR",23718,1896,10.22,5
"841",2019,"HU",6472,502,2.76,1
"842",2020,"HU",6472,502,2.76,1
"843",2021,"HU",6472,502,2.76,1
"844",2010,"HU",4008,327,1.94,1
"845",2011,"HU",4152.75,340.75,2.005,1
"846",2012,"HU",4297.5,354.5,2.07,1
"847",2013,"HU",4442.25,368.25,2.135,1
"848",2014,"HU",4587,382,2.2,1
"849",2015,"HU",5058.25,412,2.34,1
"850",2016,"HU",5529.5,442,2.48,1
"851",2017,"HU",6000.75,472,2.62,1
"852",2018,"HU",6472,502,2.76,1
"853",2019,"HU",8141,630,3.54,2
"854",2020,"HU",8141,630,3.54,2
"855",2021,"HU",8141,630,3.54,2
"856",2010,"HU",5576,441,2.6,2
"857",2011,"HU",5687.75,452.5,2.645,2
"858",2012,"HU",5799.5,464,2.69,2
"859",2013,"HU",5911.25,475.5,2.735,2
"860",2014,"HU",6023,487,2.78,2
"861",2015,"HU",6552.5,522.75,2.97,2
"862",2016,"HU",7082,558.5,3.16,2
"863",2017,"HU",7611.5,594.25,3.35,2
"864",2018,"HU",8141,630,3.54,2
"865",2019,"HU",10528,801,4.37,3
"866",2020,"HU",10528,801,4.37,3
"867",2021,"HU",10528,801,4.37,3
"868",2010,"HU",7320,572,3.36,3
"869",2011,"HU",7462.75,587.25,3.4175,3
"870",2012,"HU",7605.5,602.5,3.475,3
"871",2013,"HU",7748.25,617.75,3.5325,3
"872",2014,"HU",7891,633,3.59,3
"873",2015,"HU",8550.25,675,3.785,3
"874",2016,"HU",9209.5,717,3.98,3
"875",2017,"HU",9868.75,759,4.175,3
"876",2018,"HU",10528,801,4.37,3
"877",2019,"HU",13750,1038,5.7,4
"878",2020,"HU",13750,1038,5.7,4
"879",2021,"HU",13750,1038,5.7,4
"880",2010,"HU",9954,766,4.5,4
"881",2011,"HU",10130.75,785,4.57,4
"882",2012,"HU",10307.5,804,4.64,4
"883",2013,"HU",10484.25,823,4.71,4
"884",2014,"HU",10661,842,4.78,4
"885",2015,"HU",11433.25,891,5.01,4
"886",2016,"HU",12205.5,940,5.24,4
"887",2017,"HU",12977.75,989,5.47,4
"888",2018,"HU",13750,1038,5.7,4
"889",2019,"HU",22204,1644,8.95,5
"890",2020,"HU",22204,1644,8.95,5
"891",2021,"HU",22204,1644,8.95,5
"892",2010,"HU",17424,1331,7.83,5
"893",2011,"HU",17484,1339.25,7.8175,5
"894",2012,"HU",17544,1347.5,7.805,5
"895",2013,"HU",17604,1355.75,7.7925,5
"896",2014,"HU",17664,1364,7.78,5
"897",2015,"HU",18799,1434,8.0725,5
"898",2016,"HU",19934,1504,8.365,5
"899",2017,"HU",21069,1574,8.6575,5
"900",2018,"HU",22204,1644,8.95,5
"901",2019,"IE",21216,1740,10.4,1
"902",2020,"IE",21216,1740,10.4,1
"903",2021,"IE",21216,1740,10.4,1
"904",2010,"IE",19233,1579,9.7,1
"905",2011,"IE",19560,1605,9.9325,1
"906",2012,"IE",19887,1631,10.165,1
"907",2013,"IE",20214,1657,10.3975,1
"908",2014,"IE",20541,1683,10.63,1
"909",2015,"IE",20709.75,1697.25,10.5725,1
"910",2016,"IE",20878.5,1711.5,10.515,1
"911",2017,"IE",21047.25,1725.75,10.4575,1
"912",2018,"IE",21216,1740,10.4,1
"913",2019,"IE",29171,2290,13.67,2
"914",2020,"IE",29171,2290,13.67,2
"915",2021,"IE",29171,2290,13.67,2
"916",2010,"IE",28146,2303,14.12,2
"917",2011,"IE",28625.25,2341.75,14.415,2
"918",2012,"IE",29104.5,2380.5,14.71,2
"919",2013,"IE",29583.75,2419.25,15.005,2
"920",2014,"IE",30063,2458,15.3,2
"921",2015,"IE",29840,2416,14.8925,2
"922",2016,"IE",29617,2374,14.485,2
"923",2017,"IE",29394,2332,14.0775,2
"924",2018,"IE",29171,2290,13.67,2
"925",2019,"IE",37907,3043,17.97,3
"926",2020,"IE",37907,3043,17.97,3
"927",2021,"IE",37907,3043,17.97,3
"928",2010,"IE",36310,2975,18.25,3
"929",2011,"IE",37123,3040.75,18.7275,3
"930",2012,"IE",37936,3106.5,19.205,3
"931",2013,"IE",38749,3172.25,19.6825,3
"932",2014,"IE",39562,3238,20.16,3
"933",2015,"IE",39148.25,3189.25,19.6125,3
"934",2016,"IE",38734.5,3140.5,19.065,3
"935",2017,"IE",38320.75,3091.75,18.5175,3
"936",2018,"IE",37907,3043,17.97,3
"937",2019,"IE",50588,4082,24.32,4
"938",2020,"IE",50588,4082,24.32,4
"939",2021,"IE",50588,4082,24.32,4
"940",2010,"IE",47684,3898,24.39,4
"941",2011,"IE",48973,4007,25.1425,4
"942",2012,"IE",50262,4116,25.895,4
"943",2013,"IE",51551,4225,26.6475,4
"944",2014,"IE",52840,4334,27.4,4
"945",2015,"IE",52277,4271,26.63,4
"946",2016,"IE",51714,4208,25.86,4
"947",2017,"IE",51151,4145,25.09,4
"948",2018,"IE",50588,4082,24.32,4
"949",2019,"IE",80669,6471,41.47,5
"950",2020,"IE",80669,6471,41.47,5
"951",2021,"IE",80669,6471,41.47,5
"952",2010,"IE",70701,5790,39.41,5
"953",2011,"IE",72523,5951.5,40.4525,5
"954",2012,"IE",74345,6113,41.495,5
"955",2013,"IE",76167,6274.5,42.5375,5
"956",2014,"IE",77989,6436,43.58,5
"957",2015,"IE",78659,6444.75,43.0525,5
"958",2016,"IE",79329,6453.5,42.525,5
"959",2017,"IE",79999,6462.25,41.9975,5
"960",2018,"IE",80669,6471,41.47,5
"961",2019,"IS",37611,2679,15.24,1
"962",2020,"IS",37611,2679,15.24,1
"963",2021,"IS",37611,2679,15.24,1
"964",2010,"IS",18087,1308,7.5,1
"965",2011,"IS",19522.5,1411,8.06,1
"966",2012,"IS",20958,1514,8.62,1
"967",2013,"IS",22393.5,1617,9.18,1
"968",2014,"IS",23829,1720,9.74,1
"969",2015,"IS",27274.5,1959.75,11.115,1
"970",2016,"IS",30720,2199.5,12.49,1
"971",2017,"IS",34165.5,2439.25,13.865,1
"972",2018,"IS",37611,2679,15.24,1
"973",2019,"IS",48657,3329,17.86,2
"974",2020,"IS",48657,3329,17.86,2
"975",2021,"IS",48657,3329,17.86,2
"976",2010,"IS",23377,1682,9.33,2
"977",2011,"IS",25375,1814.25,9.93,2
"978",2012,"IS",27373,1946.5,10.53,2
"979",2013,"IS",29371,2078.75,11.13,2
"980",2014,"IS",31369,2211,11.73,2
"981",2015,"IS",35691,2490.5,13.2625,2
"982",2016,"IS",40013,2770,14.795,2
"983",2017,"IS",44335,3049.5,16.3275,2
"984",2018,"IS",48657,3329,17.86,2
"985",2019,"IS",58704,4205,21.86,3
"986",2020,"IS",58704,4205,21.86,3
"987",2021,"IS",58704,4205,21.86,3
"988",2010,"IS",27877,1997,11.12,3
"989",2011,"IS",30209,2176.75,11.9075,3
"990",2012,"IS",32541,2356.5,12.695,3
"991",2013,"IS",34873,2536.25,13.4825,3
"992",2014,"IS",37205,2716,14.27,3
"993",2015,"IS",42579.75,3088.25,16.1675,3
"994",2016,"IS",47954.5,3460.5,18.065,3
"995",2017,"IS",53329.25,3832.75,19.9625,3
"996",2018,"IS",58704,4205,21.86,3
"997",2019,"IS",72458,5203,26.7,4
"998",2020,"IS",72458,5203,26.7,4
"999",2021,"IS",72458,5203,26.7,4
"1000",2010,"IS",33762,2438,13.16,4
"1001",2011,"IS",36809,2658,14.1425,4
"1002",2012,"IS",39856,2878,15.125,4
"1003",2013,"IS",42903,3098,16.1075,4
"1004",2014,"IS",45950,3318,17.09,4
"1005",2015,"IS",52577,3789.25,19.4925,4
"1006",2016,"IS",59204,4260.5,21.895,4
"1007",2017,"IS",65831,4731.75,24.2975,4
"1008",2018,"IS",72458,5203,26.7,4
"1009",2019,"IS",106976,7516,37.44,5
"1010",2020,"IS",106976,7516,37.44,5
"1011",2021,"IS",106976,7516,37.44,5
"1012",2010,"IS",48162,3438,18.54,5
"1013",2011,"IS",53186,3772.5,19.9175,5
"1014",2012,"IS",58210,4107,21.295,5
"1015",2013,"IS",63234,4441.5,22.6725,5
"1016",2014,"IS",68258,4776,24.05,5
"1017",2015,"IS",77937.5,5461,27.3975,5
"1018",2016,"IS",87617,6146,30.745,5
"1019",2017,"IS",97296.5,6831,34.0925,5
"1020",2018,"IS",106976,7516,37.44,5
"1021",2019,"IT",20368,1504,8.61,1
"1022",2020,"IT",20368,1504,8.61,1
"1023",2021,"IT",20368,1504,8.61,1
"1024",2010,"IT",17579,1288,7.59,1
"1025",2011,"IT",18182,1329,7.79,1
"1026",2012,"IT",18785,1370,7.99,1
"1027",2013,"IT",19388,1411,8.19,1
"1028",2014,"IT",19991,1452,8.39,1
"1029",2015,"IT",20085.25,1465,8.445,1
"1030",2016,"IT",20179.5,1478,8.5,1
"1031",2017,"IT",20273.75,1491,8.555,1
"1032",2018,"IT",20368,1504,8.61,1
"1033",2019,"IT",24935,1827,10.45,2
"1034",2020,"IT",24935,1827,10.45,2
"1035",2021,"IT",24935,1827,10.45,2
"1036",2010,"IT",22243,1625,9.61,2
"1037",2011,"IT",22837,1662.25,9.7775,2
"1038",2012,"IT",23431,1699.5,9.945,2
"1039",2013,"IT",24025,1736.75,10.1125,2
"1040",2014,"IT",24619,1774,10.28,2
"1041",2015,"IT",24698,1787.25,10.3225,2
"1042",2016,"IT",24777,1800.5,10.365,2
"1043",2017,"IT",24856,1813.75,10.4075,2
"1044",2018,"IT",24935,1827,10.45,2
"1045",2019,"IT",29213,2123,12.61,3
"1046",2020,"IT",29213,2123,12.61,3
"1047",2021,"IT",29213,2123,12.61,3
"1048",2010,"IT",26920,1970,11.87,3
"1049",2011,"IT",27466.75,2004.5,12.025,3
"1050",2012,"IT",28013.5,2039,12.18,3
"1051",2013,"IT",28560.25,2073.5,12.335,3
"1052",2014,"IT",29107,2108,12.49,3
"1053",2015,"IT",29133.5,2111.75,12.52,3
"1054",2016,"IT",29160,2115.5,12.55,3
"1055",2017,"IT",29186.5,2119.25,12.58,3
"1056",2018,"IT",29213,2123,12.61,3
"1057",2019,"IT",35254,2599,16.63,4
"1058",2020,"IT",35254,2599,16.63,4
"1059",2021,"IT",35254,2599,16.63,4
"1060",2010,"IT",33486,2424,15.4,4
"1061",2011,"IT",33918.5,2452,15.6075,4
"1062",2012,"IT",34351,2480,15.815,4
"1063",2013,"IT",34783.5,2508,16.0225,4
"1064",2014,"IT",35216,2536,16.23,4
"1065",2015,"IT",35225.5,2551.75,16.33,4
"1066",2016,"IT",35235,2567.5,16.43,4
"1067",2017,"IT",35244.5,2583.25,16.53,4
"1068",2018,"IT",35254,2599,16.63,4
"1069",2019,"IT",53743,3857,26.09,5
"1070",2020,"IT",53743,3857,26.09,5
"1071",2021,"IT",53743,3857,26.09,5
"1072",2010,"IT",49894,3486,24.91,5
"1073",2011,"IT",50932,3557.5,25.3375,5
"1074",2012,"IT",51970,3629,25.765,5
"1075",2013,"IT",53008,3700.5,26.1925,5
"1076",2014,"IT",54046,3772,26.62,5
"1077",2015,"IT",53970.25,3793.25,26.4875,5
"1078",2016,"IT",53894.5,3814.5,26.355,5
"1079",2017,"IT",53818.75,3835.75,26.2225,5
"1080",2018,"IT",53743,3857,26.09,5
"1081",2019,"LT",5439,453,2.47,1
"1082",2020,"LT",5439,453,2.47,1
"1083",2021,"LT",5439,453,2.47,1
"1084",2010,"LT",2855,232,1.39,1
"1085",2011,"LT",3066.5,252.25,1.4675,1
"1086",2012,"LT",3278,272.5,1.545,1
"1087",2013,"LT",3489.5,292.75,1.6225,1
"1088",2014,"LT",3701,313,1.7,1
"1089",2015,"LT",4135.5,348,1.8925,1
"1090",2016,"LT",4570,383,2.085,1
"1091",2017,"LT",5004.5,418,2.2775,1
"1092",2018,"LT",5439,453,2.47,1
"1093",2019,"LT",7415,600,3.28,2
"1094",2020,"LT",7415,600,3.28,2
"1095",2021,"LT",7415,600,3.28,2
"1096",2010,"LT",3968,310,1.83,2
"1097",2011,"LT",4246.75,334.75,1.9275,2
"1098",2012,"LT",4525.5,359.5,2.025,2
"1099",2013,"LT",4804.25,384.25,2.1225,2
"1100",2014,"LT",5083,409,2.22,2
"1101",2015,"LT",5666,456.75,2.485,2
"1102",2016,"LT",6249,504.5,2.75,2
"1103",2017,"LT",6832,552.25,3.015,2
"1104",2018,"LT",7415,600,3.28,2
"1105",2019,"LT",9945,809,4.41,3
"1106",2020,"LT",9945,809,4.41,3
"1107",2021,"LT",9945,809,4.41,3
"1108",2010,"LT",5629,451,2.69,3
"1109",2011,"LT",5971.75,478.75,2.795,3
"1110",2012,"LT",6314.5,506.5,2.9,3
"1111",2013,"LT",6657.25,534.25,3.005,3
"1112",2014,"LT",7000,562,3.11,3
"1113",2015,"LT",7736.25,623.75,3.435,3
"1114",2016,"LT",8472.5,685.5,3.76,3
"1115",2017,"LT",9208.75,747.25,4.085,3
"1116",2018,"LT",9945,809,4.41,3
"1117",2019,"LT",12938,1062,5.9,4
"1118",2020,"LT",12938,1062,5.9,4
"1119",2021,"LT",12938,1062,5.9,4
"1120",2010,"LT",7909,637,3.84,4
"1121",2011,"LT",8321.5,670.75,3.97,4
"1122",2012,"LT",8734,704.5,4.1,4
"1123",2013,"LT",9146.5,738.25,4.23,4
"1124",2014,"LT",9559,772,4.36,4
"1125",2015,"LT",10403.75,844.5,4.745,4
"1126",2016,"LT",11248.5,917,5.13,4
"1127",2017,"LT",12093.25,989.5,5.515,4
"1128",2018,"LT",12938,1062,5.9,4
"1129",2019,"LT",20006,1611,8.72,5
"1130",2020,"LT",20006,1611,8.72,5
"1131",2021,"LT",20006,1611,8.72,5
"1132",2010,"LT",12444,1002,6.19,5
"1133",2011,"LT",13126.25,1055,6.3225,5
"1134",2012,"LT",13808.5,1108,6.455,5
"1135",2013,"LT",14490.75,1161,6.5875,5
"1136",2014,"LT",15173,1214,6.72,5
"1137",2015,"LT",16381.25,1313.25,7.22,5
"1138",2016,"LT",17589.5,1412.5,7.72,5
"1139",2017,"LT",18797.75,1511.75,8.22,5
"1140",2018,"LT",20006,1611,8.72,5
"1141",2019,"LU",29048,2343,12.75,1
"1142",2020,"LU",29048,2343,12.75,1
"1143",2021,"LU",29048,2343,12.75,1
"1144",2010,"LU",24534,1832,11.29,1
"1145",2011,"LU",25300.5,1917.75,11.4225,1
"1146",2012,"LU",26067,2003.5,11.555,1
"1147",2013,"LU",26833.5,2089.25,11.6875,1
"1148",2014,"LU",27600,2175,11.82,1
"1149",2015,"LU",27962,2217,12.0525,1
"1150",2016,"LU",28324,2259,12.285,1
"1151",2017,"LU",28686,2301,12.5175,1
"1152",2018,"LU",29048,2343,12.75,1
"1153",2019,"LU",37367,2936,15.73,2
"1154",2020,"LU",37367,2936,15.73,2
"1155",2021,"LU",37367,2936,15.73,2
"1156",2010,"LU",31863,2436,14.23,2
"1157",2011,"LU",32744.5,2509,14.3475,2
"1158",2012,"LU",33626,2582,14.465,2
"1159",2013,"LU",34507.5,2655,14.5825,2
"1160",2014,"LU",35389,2728,14.7,2
"1161",2015,"LU",35883.5,2780,14.9575,2
"1162",2016,"LU",36378,2832,15.215,2
"1163",2017,"LU",36872.5,2884,15.4725,2
"1164",2018,"LU",37367,2936,15.73,2
"1165",2019,"LU",48500,3688,19.59,3
"1166",2020,"LU",48500,3688,19.59,3
"1167",2021,"LU",48500,3688,19.59,3
"1168",2010,"LU",40927,3092,17.83,3
"1169",2011,"LU",42379.25,3180,17.9675,3
"1170",2012,"LU",43831.5,3268,18.105,3
"1171",2013,"LU",45283.75,3356,18.2425,3
"1172",2014,"LU",46736,3444,18.38,3
"1173",2015,"LU",47177,3505,18.6825,3
"1174",2016,"LU",47618,3566,18.985,3
"1175",2017,"LU",48059,3627,19.2875,3
"1176",2018,"LU",48500,3688,19.59,3
"1177",2019,"LU",69251,4988,27.07,4
"1178",2020,"LU",69251,4988,27.07,4
"1179",2021,"LU",69251,4988,27.07,4
"1180",2010,"LU",56130,4116,24.03,4
"1181",2011,"LU",58547.25,4245.5,24.3275,4
"1182",2012,"LU",60964.5,4375,24.625,4
"1183",2013,"LU",63381.75,4504.5,24.9225,4
"1184",2014,"LU",65799,4634,25.22,4
"1185",2015,"LU",66662,4722.5,25.6825,4
"1186",2016,"LU",67525,4811,26.145,4
"1187",2017,"LU",68388,4899.5,26.6075,4
"1188",2018,"LU",69251,4988,27.07,4
"1189",2019,"LU",114996,8116,44.67,5
"1190",2020,"LU",114996,8116,44.67,5
"1191",2021,"LU",114996,8116,44.67,5
"1192",2010,"LU",87262,6311,37.03,5
"1193",2011,"LU",91145.25,6517,37.65,5
"1194",2012,"LU",95028.5,6723,38.27,5
"1195",2013,"LU",98911.75,6929,38.89,5
"1196",2014,"LU",102795,7135,39.51,5
"1197",2015,"LU",105845.25,7380.25,40.8,5
"1198",2016,"LU",108895.5,7625.5,42.09,5
"1199",2017,"LU",111945.75,7870.75,43.38,5
"1200",2018,"LU",114996,8116,44.67,5
"1201",2019,"LV",5829,490,2.7,1
"1202",2020,"LV",5829,490,2.7,1
"1203",2021,"LV",5829,490,2.7,1
"1204",2010,"LV",3141,257,1.52,1
"1205",2011,"LV",3388.5,280.75,1.6225,1
"1206",2012,"LV",3636,304.5,1.725,1
"1207",2013,"LV",3883.5,328.25,1.8275,1
"1208",2014,"LV",4131,352,1.93,1
"1209",2015,"LV",4555.5,386.5,2.1225,1
"1210",2016,"LV",4980,421,2.315,1
"1211",2017,"LV",5404.5,455.5,2.5075,1
"1212",2018,"LV",5829,490,2.7,1
"1213",2019,"LV",8232,668,3.65,2
"1214",2020,"LV",8232,668,3.65,2
"1215",2021,"LV",8232,668,3.65,2
"1216",2010,"LV",4339,336,1.99,2
"1217",2011,"LV",4661,361.5,2.0925,2
"1218",2012,"LV",4983,387,2.195,2
"1219",2013,"LV",5305,412.5,2.2975,2
"1220",2014,"LV",5627,438,2.4,2
"1221",2015,"LV",6278.25,495.5,2.7125,2
"1222",2016,"LV",6929.5,553,3.025,2
"1223",2017,"LV",7580.75,610.5,3.3375,2
"1224",2018,"LV",8232,668,3.65,2
"1225",2019,"LV",11264,899,4.92,3
"1226",2020,"LV",11264,899,4.92,3
"1227",2021,"LV",11264,899,4.92,3
"1228",2010,"LV",6245,474,2.85,3
"1229",2011,"LV",6666.5,507,2.975,3
"1230",2012,"LV",7088,540,3.1,3
"1231",2013,"LV",7509.5,573,3.225,3
"1232",2014,"LV",7931,606,3.35,3
"1233",2015,"LV",8764.25,679.25,3.7425,3
"1234",2016,"LV",9597.5,752.5,4.135,3
"1235",2017,"LV",10430.75,825.75,4.5275,3
"1236",2018,"LV",11264,899,4.92,3
"1237",2019,"LV",15134,1200,6.53,4
"1238",2020,"LV",15134,1200,6.53,4
"1239",2021,"LV",15134,1200,6.53,4
"1240",2010,"LV",9098,694,4.2,4
"1241",2011,"LV",9645.75,735,4.33,4
"1242",2012,"LV",10193.5,776,4.46,4
"1243",2013,"LV",10741.25,817,4.59,4
"1244",2014,"LV",11289,858,4.72,4
"1245",2015,"LV",12250.25,943.5,5.1725,4
"1246",2016,"LV",13211.5,1029,5.625,4
"1247",2017,"LV",14172.75,1114.5,6.0775,4
"1248",2018,"LV",15134,1200,6.53,4
"1249",2019,"LV",25835,2000,10.87,5
"1250",2020,"LV",25835,2000,10.87,5
"1251",2021,"LV",25835,2000,10.87,5
"1252",2010,"LV",14755,1120,6.72,5
"1253",2011,"LV",15708.5,1190,6.94,5
"1254",2012,"LV",16662,1260,7.16,5
"1255",2013,"LV",17615.5,1330,7.38,5
"1256",2014,"LV",18569,1400,7.6,5
"1257",2015,"LV",20385.5,1550,8.4175,5
"1258",2016,"LV",22202,1700,9.235,5
"1259",2017,"LV",24018.5,1850,10.0525,5
"1260",2018,"LV",25835,2000,10.87,5
"1261",2019,"MK",3631,298,1.61,1
"1262",2020,"MK",3631,298,1.61,1
"1263",2021,"MK",3631,298,1.61,1
"1264",2010,"MK",2675,224,1.33,1
"1265",2011,"MK",2725,226.75,1.3175,1
"1266",2012,"MK",2775,229.5,1.305,1
"1267",2013,"MK",2825,232.25,1.2925,1
"1268",2014,"MK",2875,235,1.28,1
"1269",2015,"MK",3064,250.75,1.3625,1
"1270",2016,"MK",3253,266.5,1.445,1
"1271",2017,"MK",3442,282.25,1.5275,1
"1272",2018,"MK",3631,298,1.61,1
"1273",2019,"MK",4693,378,2.05,2
"1274",2020,"MK",4693,378,2.05,2
"1275",2021,"MK",4693,378,2.05,2
"1276",2010,"MK",3524,292,1.72,2
"1277",2011,"MK",3559.75,290,1.6775,2
"1278",2012,"MK",3595.5,288,1.635,2
"1279",2013,"MK",3631.25,286,1.5925,2
"1280",2014,"MK",3667,284,1.55,2
"1281",2015,"MK",3923.5,307.5,1.675,2
"1282",2016,"MK",4180,331,1.8,2
"1283",2017,"MK",4436.5,354.5,1.925,2
"1284",2018,"MK",4693,378,2.05,2
"1285",2019,"MK",5955,486,2.59,3
"1286",2020,"MK",5955,486,2.59,3
"1287",2021,"MK",5955,486,2.59,3
"1288",2010,"MK",5063,418,2.49,3
"1289",2011,"MK",5085.25,414.25,2.4175,3
"1290",2012,"MK",5107.5,410.5,2.345,3
"1291",2013,"MK",5129.75,406.75,2.2725,3
"1292",2014,"MK",5152,403,2.2,3
"1293",2015,"MK",5352.75,423.75,2.2975,3
"1294",2016,"MK",5553.5,444.5,2.395,3
"1295",2017,"MK",5754.25,465.25,2.4925,3
"1296",2018,"MK",5955,486,2.59,3
"1297",2019,"MK",7302,600,3.22,4
"1298",2020,"MK",7302,600,3.22,4
"1299",2021,"MK",7302,600,3.22,4
"1300",2010,"MK",6504,545,3.23,4
"1301",2011,"MK",6564,546.25,3.17,4
"1302",2012,"MK",6624,547.5,3.11,4
"1303",2013,"MK",6684,548.75,3.05,4
"1304",2014,"MK",6744,550,2.99,4
"1305",2015,"MK",6883.5,562.5,3.0475,4
"1306",2016,"MK",7023,575,3.105,4
"1307",2017,"MK",7162.5,587.5,3.1625,4
"1308",2018,"MK",7302,600,3.22,4
"1309",2019,"MK",11559,902,4.86,5
"1310",2020,"MK",11559,902,4.86,5
"1311",2021,"MK",11559,902,4.86,5
"1312",2010,"MK",9522,780,4.58,5
"1313",2011,"MK",9723.75,788.25,4.5475,5
"1314",2012,"MK",9925.5,796.5,4.515,5
"1315",2013,"MK",10127.25,804.75,4.4825,5
"1316",2014,"MK",10329,813,4.45,5
"1317",2015,"MK",10636.5,835.25,4.5525,5
"1318",2016,"MK",10944,857.5,4.655,5
"1319",2017,"MK",11251.5,879.75,4.7575,5
"1320",2018,"MK",11559,902,4.86,5
"1321",2019,"MT",13322,1052,5.93,1
"1322",2020,"MT",13322,1052,5.93,1
"1323",2021,"MT",13322,1052,5.93,1
"1324",2010,"MT",9888,740,4.51,1
"1325",2011,"MT",10246,787.75,4.7175,1
"1326",2012,"MT",10604,835.5,4.925,1
"1327",2013,"MT",10962,883.25,5.1325,1
"1328",2014,"MT",11320,931,5.34,1
"1329",2015,"MT",11820.5,961.25,5.4875,1
"1330",2016,"MT",12321,991.5,5.635,1
"1331",2017,"MT",12821.5,1021.75,5.7825,1
"1332",2018,"MT",13322,1052,5.93,1
"1333",2019,"MT",18120,1437,8.09,2
"1334",2020,"MT",18120,1437,8.09,2
"1335",2021,"MT",18120,1437,8.09,2
"1336",2010,"MT",13247,1039,5.86,2
"1337",2011,"MT",13662.75,1075,6.085,2
"1338",2012,"MT",14078.5,1111,6.31,2
"1339",2013,"MT",14494.25,1147,6.535,2
"1340",2014,"MT",14910,1183,6.76,2
"1341",2015,"MT",15712.5,1246.5,7.0925,2
"1342",2016,"MT",16515,1310,7.425,2
"1343",2017,"MT",17317.5,1373.5,7.7575,2
"1344",2018,"MT",18120,1437,8.09,2
"1345",2019,"MT",22664,1787,9.96,3
"1346",2020,"MT",22664,1787,9.96,3
"1347",2021,"MT",22664,1787,9.96,3
"1348",2010,"MT",16614,1325,7.46,3
"1349",2011,"MT",17141,1368.25,7.715,3
"1350",2012,"MT",17668,1411.5,7.97,3
"1351",2013,"MT",18195,1454.75,8.225,3
"1352",2014,"MT",18722,1498,8.48,3
"1353",2015,"MT",19707.5,1570.25,8.85,3
"1354",2016,"MT",20693,1642.5,9.22,3
"1355",2017,"MT",21678.5,1714.75,9.59,3
"1356",2018,"MT",22664,1787,9.96,3
"1357",2019,"MT",28853,2264,12.86,4
"1358",2020,"MT",28853,2264,12.86,4
"1359",2021,"MT",28853,2264,12.86,4
"1360",2010,"MT",20587,1644,9.5,4
"1361",2011,"MT",21360.25,1708,9.8425,4
"1362",2012,"MT",22133.5,1772,10.185,4
"1363",2013,"MT",22906.75,1836,10.5275,4
"1364",2014,"MT",23680,1900,10.87,4
"1365",2015,"MT",24973.25,1991,11.3675,4
"1366",2016,"MT",26266.5,2082,11.865,4
"1367",2017,"MT",27559.75,2173,12.3625,4
"1368",2018,"MT",28853,2264,12.86,4
"1369",2019,"MT",41742,3346,18.75,5
"1370",2020,"MT",41742,3346,18.75,5
"1371",2021,"MT",41742,3346,18.75,5
"1372",2010,"MT",28908,2307,13.33,5
"1373",2011,"MT",30244,2400,13.895,5
"1374",2012,"MT",31580,2493,14.46,5
"1375",2013,"MT",32916,2586,15.025,5
"1376",2014,"MT",34252,2679,15.59,5
"1377",2015,"MT",36124.5,2845.75,16.38,5
"1378",2016,"MT",37997,3012.5,17.17,5
"1379",2017,"MT",39869.5,3179.25,17.96,5
"1380",2018,"MT",41742,3346,18.75,5
"1381",2019,"NL",20876,1587,9.63,1
"1382",2020,"NL",20876,1587,9.63,1
"1383",2021,"NL",20876,1587,9.63,1
"1384",2010,"NL",19537,1421,8.95,1
"1385",2011,"NL",19638.5,1436.25,8.975,1
"1386",2012,"NL",19740,1451.5,9,1
"1387",2013,"NL",19841.5,1466.75,9.025,1
"1388",2014,"NL",19943,1482,9.05,1
"1389",2015,"NL",20176.25,1508.25,9.195,1
"1390",2016,"NL",20409.5,1534.5,9.34,1
"1391",2017,"NL",20642.75,1560.75,9.485,1
"1392",2018,"NL",20876,1587,9.63,1
"1393",2019,"NL",30026,2155,12.91,2
"1394",2020,"NL",30026,2155,12.91,2
"1395",2021,"NL",30026,2155,12.91,2
"1396",2010,"NL",28065,2011,12.29,2
"1397",2011,"NL",28285.25,2025.75,12.2975,2
"1398",2012,"NL",28505.5,2040.5,12.305,2
"1399",2013,"NL",28725.75,2055.25,12.3125,2
"1400",2014,"NL",28946,2070,12.32,2
"1401",2015,"NL",29216,2091.25,12.4675,2
"1402",2016,"NL",29486,2112.5,12.615,2
"1403",2017,"NL",29756,2133.75,12.7625,2
"1404",2018,"NL",30026,2155,12.91,2
"1405",2019,"NL",38414,2753,16.56,3
"1406",2020,"NL",38414,2753,16.56,3
"1407",2021,"NL",38414,2753,16.56,3
"1408",2010,"NL",35131,2524,15.43,3
"1409",2011,"NL",35508.75,2544.75,15.4775,3
"1410",2012,"NL",35886.5,2565.5,15.525,3
"1411",2013,"NL",36264.25,2586.25,15.5725,3
"1412",2014,"NL",36642,2607,15.62,3
"1413",2015,"NL",37085,2643.5,15.855,3
"1414",2016,"NL",37528,2680,16.09,3
"1415",2017,"NL",37971,2716.5,16.325,3
"1416",2018,"NL",38414,2753,16.56,3
"1417",2019,"NL",48492,3466,20.61,4
"1418",2020,"NL",48492,3466,20.61,4
"1419",2021,"NL",48492,3466,20.61,4
"1420",2010,"NL",43940,3164,19.17,4
"1421",2011,"NL",44472.75,3194.5,19.2225,4
"1422",2012,"NL",45005.5,3225,19.275,4
"1423",2013,"NL",45538.25,3255.5,19.3275,4
"1424",2014,"NL",46071,3286,19.38,4
"1425",2015,"NL",46676.25,3331,19.6875,4
"1426",2016,"NL",47281.5,3376,19.995,4
"1427",2017,"NL",47886.75,3421,20.3025,4
"1428",2018,"NL",48492,3466,20.61,4
"1429",2019,"NL",71134,4944,29.54,5
"1430",2020,"NL",71134,4944,29.54,5
"1431",2021,"NL",71134,4944,29.54,5
"1432",2010,"NL",64807,4542,27.5,5
"1433",2011,"NL",65718,4596.75,27.595,5
"1434",2012,"NL",66629,4651.5,27.69,5
"1435",2013,"NL",67540,4706.25,27.785,5
"1436",2014,"NL",68451,4761,27.88,5
"1437",2015,"NL",69121.75,4806.75,28.295,5
"1438",2016,"NL",69792.5,4852.5,28.71,5
"1439",2017,"NL",70463.25,4898.25,29.125,5
"1440",2018,"NL",71134,4944,29.54,5
"1441",2019,"NO",36490,2928,17.93,1
"1442",2020,"NO",36490,2928,17.93,1
"1443",2021,"NO",36490,2928,17.93,1
"1444",2010,"NO",34218,2911,17.9,1
"1445",2011,"NO",34818,2963.75,18.2475,1
"1446",2012,"NO",35418,3016.5,18.595,1
"1447",2013,"NO",36018,3069.25,18.9425,1
"1448",2014,"NO",36618,3122,19.29,1
"1449",2015,"NO",36586,3073.5,18.95,1
"1450",2016,"NO",36554,3025,18.61,1
"1451",2017,"NO",36522,2976.5,18.27,1
"1452",2018,"NO",36490,2928,17.93,1
"1453",2019,"NO",44797,3647,22.26,2
"1454",2020,"NO",44797,3647,22.26,2
"1455",2021,"NO",44797,3647,22.26,2
"1456",2010,"NO",41891,3564,21.82,2
"1457",2011,"NO",42698,3638,22.2975,2
"1458",2012,"NO",43505,3712,22.775,2
"1459",2013,"NO",44312,3786,23.2525,2
"1460",2014,"NO",45119,3860,23.73,2
"1461",2015,"NO",45038.5,3806.75,23.3625,2
"1462",2016,"NO",44958,3753.5,22.995,2
"1463",2017,"NO",44877.5,3700.25,22.6275,2
"1464",2018,"NO",44797,3647,22.26,2
"1465",2019,"NO",52633,4304,26.3,3
"1466",2020,"NO",52633,4304,26.3,3
"1467",2021,"NO",52633,4304,26.3,3
"1468",2010,"NO",48886,4163,25.53,3
"1469",2011,"NO",49930.5,4258.75,26.145,3
"1470",2012,"NO",50975,4354.5,26.76,3
"1471",2013,"NO",52019.5,4450.25,27.375,3
"1472",2014,"NO",53064,4546,27.99,3
"1473",2015,"NO",52956.25,4485.5,27.5675,3
"1474",2016,"NO",52848.5,4425,27.145,3
"1475",2017,"NO",52740.75,4364.5,26.7225,3
"1476",2018,"NO",52633,4304,26.3,3
"1477",2019,"NO",61884,5072,30.96,4
"1478",2020,"NO",61884,5072,30.96,4
"1479",2021,"NO",61884,5072,30.96,4
"1480",2010,"NO",57170,4866,29.72,4
"1481",2011,"NO",58482.75,4987,30.4875,4
"1482",2012,"NO",59795.5,5108,31.255,4
"1483",2013,"NO",61108.25,5229,32.0225,4
"1484",2014,"NO",62421,5350,32.79,4
"1485",2015,"NO",62286.75,5280.5,32.3325,4
"1486",2016,"NO",62152.5,5211,31.875,4
"1487",2017,"NO",62018.25,5141.5,31.4175,4
"1488",2018,"NO",61884,5072,30.96,4
"1489",2019,"NO",86179,7043,42.75,5
"1490",2020,"NO",86179,7043,42.75,5
"1491",2021,"NO",86179,7043,42.75,5
"1492",2010,"NO",79135,6728,40.46,5
"1493",2011,"NO",81256.25,6918.25,41.6975,5
"1494",2012,"NO",83377.5,7108.5,42.935,5
"1495",2013,"NO",85498.75,7298.75,44.1725,5
"1496",2014,"NO",87620,7489,45.41,5
"1497",2015,"NO",87259.75,7377.5,44.745,5
"1498",2016,"NO",86899.5,7266,44.08,5
"1499",2017,"NO",86539.25,7154.5,43.415,5
"1500",2018,"NO",86179,7043,42.75,5
"1501",2019,"PL",6300,508,2.79,1
"1502",2020,"PL",6300,508,2.79,1
"1503",2021,"PL",6300,508,2.79,1
"1504",2010,"PL",4441,350,2.09,1
"1505",2011,"PL",4587.5,365.5,2.13,1
"1506",2012,"PL",4734,381,2.17,1
"1507",2013,"PL",4880.5,396.5,2.21,1
"1508",2014,"PL",5027,412,2.25,1
"1509",2015,"PL",5345.25,436,2.385,1
"1510",2016,"PL",5663.5,460,2.52,1
"1511",2017,"PL",5981.75,484,2.655,1
"1512",2018,"PL",6300,508,2.79,1
"1513",2019,"PL",8527,689,3.77,2
"1514",2020,"PL",8527,689,3.77,2
"1515",2021,"PL",8527,689,3.77,2
"1516",2010,"PL",6400,501,2.98,2
"1517",2011,"PL",6523,523,3.0325,2
"1518",2012,"PL",6646,545,3.085,2
"1519",2013,"PL",6769,567,3.1375,2
"1520",2014,"PL",6892,589,3.19,2
"1521",2015,"PL",7300.75,614,3.335,2
"1522",2016,"PL",7709.5,639,3.48,2
"1523",2017,"PL",8118.25,664,3.625,2
"1524",2018,"PL",8527,689,3.77,2
"1525",2019,"PL",11131,895,4.98,3
"1526",2020,"PL",11131,895,4.98,3
"1527",2021,"PL",11131,895,4.98,3
"1528",2010,"PL",8441,666,4.02,3
"1529",2011,"PL",8620.75,694.25,4.0875,3
"1530",2012,"PL",8800.5,722.5,4.155,3
"1531",2013,"PL",8980.25,750.75,4.2225,3
"1532",2014,"PL",9160,779,4.29,3
"1533",2015,"PL",9652.75,808,4.4625,3
"1534",2016,"PL",10145.5,837,4.635,3
"1535",2017,"PL",10638.25,866,4.8075,3
"1536",2018,"PL",11131,895,4.98,3
"1537",2019,"PL",14409,1164,6.75,4
"1538",2020,"PL",14409,1164,6.75,4
"1539",2021,"PL",14409,1164,6.75,4
"1540",2010,"PL",11112,876,5.59,4
"1541",2011,"PL",11397.25,916.25,5.6925,4
"1542",2012,"PL",11682.5,956.5,5.795,4
"1543",2013,"PL",11967.75,996.75,5.8975,4
"1544",2014,"PL",12253,1037,6,4
"1545",2015,"PL",12792,1068.75,6.1875,4
"1546",2016,"PL",13331,1100.5,6.375,4
"1547",2017,"PL",13870,1132.25,6.5625,4
"1548",2018,"PL",14409,1164,6.75,4
"1549",2019,"PL",22499,1803,11.11,5
"1550",2020,"PL",22499,1803,11.11,5
"1551",2021,"PL",22499,1803,11.11,5
"1552",2010,"PL",17141,1338,9.69,5
"1553",2011,"PL",17695.25,1414.25,9.92,5
"1554",2012,"PL",18249.5,1490.5,10.15,5
"1555",2013,"PL",18803.75,1566.75,10.38,5
"1556",2014,"PL",19358,1643,10.61,5
"1557",2015,"PL",20143.25,1683,10.735,5
"1558",2016,"PL",20928.5,1723,10.86,5
"1559",2017,"PL",21713.75,1763,10.985,5
"1560",2018,"PL",22499,1803,11.11,5
"1561",2019,"PT",8616,680,3.93,1
"1562",2020,"PT",8616,680,3.93,1
"1563",2021,"PT",8616,680,3.93,1
"1564",2010,"PT",7275,545,3.15,1
"1565",2011,"PT",7307.25,552.5,3.1975,1
"1566",2012,"PT",7339.5,560,3.245,1
"1567",2013,"PT",7371.75,567.5,3.2925,1
"1568",2014,"PT",7404,575,3.34,1
"1569",2015,"PT",7707,601.25,3.4875,1
"1570",2016,"PT",8010,627.5,3.635,1
"1571",2017,"PT",8313,653.75,3.7825,1
"1572",2018,"PT",8616,680,3.93,1
"1573",2019,"PT",10206,771,4.5,2
"1574",2020,"PT",10206,771,4.5,2
"1575",2021,"PT",10206,771,4.5,2
"1576",2010,"PT",9362,675,3.92,2
"1577",2011,"PT",9308,679.5,3.9425,2
"1578",2012,"PT",9254,684,3.965,2
"1579",2013,"PT",9200,688.5,3.9875,2
"1580",2014,"PT",9146,693,4.01,2
"1581",2015,"PT",9411,712.5,4.1325,2
"1582",2016,"PT",9676,732,4.255,2
"1583",2017,"PT",9941,751.5,4.3775,2
"1584",2018,"PT",10206,771,4.5,2
"1585",2019,"PT",12700,933,5.37,3
"1586",2020,"PT",12700,933,5.37,3
"1587",2021,"PT",12700,933,5.37,3
"1588",2010,"PT",12409,875,5.06,3
"1589",2011,"PT",12375.5,878.25,5.075,3
"1590",2012,"PT",12342,881.5,5.09,3
"1591",2013,"PT",12308.5,884.75,5.105,3
"1592",2014,"PT",12275,888,5.12,3
"1593",2015,"PT",12381.25,899.25,5.1825,3
"1594",2016,"PT",12487.5,910.5,5.245,3
"1595",2017,"PT",12593.75,921.75,5.3075,3
"1596",2018,"PT",12700,933,5.37,3
"1597",2019,"PT",18531,1306,7.67,4
"1598",2020,"PT",18531,1306,7.67,4
"1599",2021,"PT",18531,1306,7.67,4
"1600",2010,"PT",19291,1343,7.95,4
"1601",2011,"PT",19124.5,1337.5,7.905,4
"1602",2012,"PT",18958,1332,7.86,4
"1603",2013,"PT",18791.5,1326.5,7.815,4
"1604",2014,"PT",18625,1321,7.77,4
"1605",2015,"PT",18601.5,1317.25,7.745,4
"1606",2016,"PT",18578,1313.5,7.72,4
"1607",2017,"PT",18554.5,1309.75,7.695,4
"1608",2018,"PT",18531,1306,7.67,4
"1609",2019,"PT",33018,2330,14.32,5
"1610",2020,"PT",33018,2330,14.32,5
"1611",2021,"PT",33018,2330,14.32,5
"1612",2010,"PT",36448,2452,15.19,5
"1613",2011,"PT",35463.25,2423.5,14.985,5
"1614",2012,"PT",34478.5,2395,14.78,5
"1615",2013,"PT",33493.75,2366.5,14.575,5
"1616",2014,"PT",32509,2338,14.37,5
"1617",2015,"PT",32636.25,2336,14.3575,5
"1618",2016,"PT",32763.5,2334,14.345,5
"1619",2017,"PT",32890.75,2332,14.3325,5
"1620",2018,"PT",33018,2330,14.32,5
"1621",2019,"RO",5091,412,2.24,1
"1622",2020,"RO",5091,412,2.24,1
"1623",2021,"RO",5091,412,2.24,1
"1624",2010,"RO",2077,171,1.02,1
"1625",2011,"RO",2173.25,179,1.04,1
"1626",2012,"RO",2269.5,187,1.06,1
"1627",2013,"RO",2365.75,195,1.08,1
"1628",2014,"RO",2462,203,1.1,1
"1629",2015,"RO",3119.25,255.25,1.385,1
"1630",2016,"RO",3776.5,307.5,1.67,1
"1631",2017,"RO",4433.75,359.75,1.955,1
"1632",2018,"RO",5091,412,2.24,1
"1633",2019,"RO",6504,522,2.8,2
"1634",2020,"RO",6504,522,2.8,2
"1635",2021,"RO",6504,522,2.8,2
"1636",2010,"RO",3085,237,1.41,2
"1637",2011,"RO",3172.75,246.25,1.425,2
"1638",2012,"RO",3260.5,255.5,1.44,2
"1639",2013,"RO",3348.25,264.75,1.455,2
"1640",2014,"RO",3436,274,1.47,2
"1641",2015,"RO",4203,336,1.8025,2
"1642",2016,"RO",4970,398,2.135,2
"1643",2017,"RO",5737,460,2.4675,2
"1644",2018,"RO",6504,522,2.8,2
"1645",2019,"RO",8765,700,3.74,3
"1646",2020,"RO",8765,700,3.74,3
"1647",2021,"RO",8765,700,3.74,3
"1648",2010,"RO",4353,331,1.94,3
"1649",2011,"RO",4464.25,343.25,1.9625,3
"1650",2012,"RO",4575.5,355.5,1.985,3
"1651",2013,"RO",4686.75,367.75,2.0075,3
"1652",2014,"RO",4798,380,2.03,3
"1653",2015,"RO",5789.75,460,2.4575,3
"1654",2016,"RO",6781.5,540,2.885,3
"1655",2017,"RO",7773.25,620,3.3125,3
"1656",2018,"RO",8765,700,3.74,3
"1657",2019,"RO",12319,983,5.25,4
"1658",2020,"RO",12319,983,5.25,4
"1659",2021,"RO",12319,983,5.25,4
"1660",2010,"RO",6344,475,2.77,4
"1661",2011,"RO",6498.5,492.75,2.805,4
"1662",2012,"RO",6653,510.5,2.84,4
"1663",2013,"RO",6807.5,528.25,2.875,4
"1664",2014,"RO",6962,546,2.91,4
"1665",2015,"RO",8301.25,655.25,3.495,4
"1666",2016,"RO",9640.5,764.5,4.08,4
"1667",2017,"RO",10979.75,873.75,4.665,4
"1668",2018,"RO",12319,983,5.25,4
"1669",2019,"RO",20970,1686,9,5
"1670",2020,"RO",20970,1686,9,5
"1671",2021,"RO",20970,1686,9,5
"1672",2010,"RO",10982,806,4.7,5
"1673",2011,"RO",11284,839.75,4.7825,5
"1674",2012,"RO",11586,873.5,4.865,5
"1675",2013,"RO",11888,907.25,4.9475,5
"1676",2014,"RO",12190,941,5.03,5
"1677",2015,"RO",14385,1127.25,6.0225,5
"1678",2016,"RO",16580,1313.5,7.015,5
"1679",2017,"RO",18775,1499.75,8.0075,5
"1680",2018,"RO",20970,1686,9,5
"1681",2019,"SE",26041,2335,13.56,1
"1682",2020,"SE",26041,2335,13.56,1
"1683",2021,"SE",26041,2335,13.56,1
"1684",2010,"SE",24175,2127,12.27,1
"1685",2011,"SE",24963.25,2204.25,12.72,1
"1686",2012,"SE",25751.5,2281.5,13.17,1
"1687",2013,"SE",26539.75,2358.75,13.62,1
"1688",2014,"SE",27328,2436,14.07,1
"1689",2015,"SE",27006.25,2410.75,13.9425,1
"1690",2016,"SE",26684.5,2385.5,13.815,1
"1691",2017,"SE",26362.75,2360.25,13.6875,1
"1692",2018,"SE",26041,2335,13.56,1
"1693",2019,"SE",32634,2757,16.04,2
"1694",2020,"SE",32634,2757,16.04,2
"1695",2021,"SE",32634,2757,16.04,2
"1696",2010,"SE",29320,2454,14.26,2
"1697",2011,"SE",30456.25,2552.25,14.8175,2
"1698",2012,"SE",31592.5,2650.5,15.375,2
"1699",2013,"SE",32728.75,2748.75,15.9325,2
"1700",2014,"SE",33865,2847,16.49,2
"1701",2015,"SE",33557.25,2824.5,16.3775,2
"1702",2016,"SE",33249.5,2802,16.265,2
"1703",2017,"SE",32941.75,2779.5,16.1525,2
"1704",2018,"SE",32634,2757,16.04,2
"1705",2019,"SE",37929,3135,18.17,3
"1706",2020,"SE",37929,3135,18.17,3
"1707",2021,"SE",37929,3135,18.17,3
"1708",2010,"SE",33373,2745,15.94,3
"1709",2011,"SE",34723.25,2858.5,16.57,3
"1710",2012,"SE",36073.5,2972,17.2,3
"1711",2013,"SE",37423.75,3085.5,17.83,3
"1712",2014,"SE",38774,3199,18.46,3
"1713",2015,"SE",38562.75,3183,18.3875,3
"1714",2016,"SE",38351.5,3167,18.315,3
"1715",2017,"SE",38140.25,3151,18.2425,3
"1716",2018,"SE",37929,3135,18.17,3
"1717",2019,"SE",45056,3656,21.09,4
"1718",2020,"SE",45056,3656,21.09,4
"1719",2021,"SE",45056,3656,21.09,4
"1720",2010,"SE",39170,3150,18.24,4
"1721",2011,"SE",40853.25,3289.75,19.01,4
"1722",2012,"SE",42536.5,3429.5,19.78,4
"1723",2013,"SE",44219.75,3569.25,20.55,4
"1724",2014,"SE",45903,3709,21.32,4
"1725",2015,"SE",45691.25,3695.75,21.2625,4
"1726",2016,"SE",45479.5,3682.5,21.205,4
"1727",2017,"SE",45267.75,3669.25,21.1475,4
"1728",2018,"SE",45056,3656,21.09,4
"1729",2019,"SE",63210,4933,28.4,5
"1730",2020,"SE",63210,4933,28.4,5
"1731",2021,"SE",63210,4933,28.4,5
"1732",2010,"SE",56161,4304,24.64,5
"1733",2011,"SE",58385,4490.25,25.735,5
"1734",2012,"SE",60609,4676.5,26.83,5
"1735",2013,"SE",62833,4862.75,27.925,5
"1736",2014,"SE",65057,5049,29.02,5
"1737",2015,"SE",64595.25,5020,28.865,5
"1738",2016,"SE",64133.5,4991,28.71,5
"1739",2017,"SE",63671.75,4962,28.555,5
"1740",2018,"SE",63210,4933,28.4,5
"1741",2019,"SI",13424,879,4.93,1
"1742",2020,"SI",13424,879,4.93,1
"1743",2021,"SI",13424,879,4.93,1
"1744",2010,"SI",11206,734,4.38,1
"1745",2011,"SI",11435.5,747.75,4.3975,1
"1746",2012,"SI",11665,761.5,4.415,1
"1747",2013,"SI",11894.5,775.25,4.4325,1
"1748",2014,"SI",12124,789,4.45,1
"1749",2015,"SI",12449,811.5,4.57,1
"1750",2016,"SI",12774,834,4.69,1
"1751",2017,"SI",13099,856.5,4.81,1
"1752",2018,"SI",13424,879,4.93,1
"1753",2019,"SI",17013,1126,6.36,2
"1754",2020,"SI",17013,1126,6.36,2
"1755",2021,"SI",17013,1126,6.36,2
"1756",2010,"SI",14286,939,5.66,2
"1757",2011,"SI",14526.5,956,5.6675,2
"1758",2012,"SI",14767,973,5.675,2
"1759",2013,"SI",15007.5,990,5.6825,2
"1760",2014,"SI",15248,1007,5.69,2
"1761",2015,"SI",15689.25,1036.75,5.8575,2
"1762",2016,"SI",16130.5,1066.5,6.025,2
"1763",2017,"SI",16571.75,1096.25,6.1925,2
"1764",2018,"SI",17013,1126,6.36,2
"1765",2019,"SI",21029,1438,8.04,3
"1766",2020,"SI",21029,1438,8.04,3
"1767",2021,"SI",21029,1438,8.04,3
"1768",2010,"SI",17684,1203,7.2,3
"1769",2011,"SI",17993.75,1228.5,7.23,3
"1770",2012,"SI",18303.5,1254,7.26,3
"1771",2013,"SI",18613.25,1279.5,7.29,3
"1772",2014,"SI",18923,1305,7.32,3
"1773",2015,"SI",19449.5,1338.25,7.5,3
"1774",2016,"SI",19976,1371.5,7.68,3
"1775",2017,"SI",20502.5,1404.75,7.86,3
"1776",2018,"SI",21029,1438,8.04,3
"1777",2019,"SI",26541,1873,10.37,4
"1778",2020,"SI",26541,1873,10.37,4
"1779",2021,"SI",26541,1873,10.37,4
"1780",2010,"SI",22583,1576,9.47,4
"1781",2011,"SI",22979,1612,9.49,4
"1782",2012,"SI",23375,1648,9.51,4
"1783",2013,"SI",23771,1684,9.53,4
"1784",2014,"SI",24167,1720,9.55,4
"1785",2015,"SI",24760.5,1758.25,9.755,4
"1786",2016,"SI",25354,1796.5,9.96,4
"1787",2017,"SI",25947.5,1834.75,10.165,4
"1788",2018,"SI",26541,1873,10.37,4
"1789",2019,"SI",38373,2792,15.28,5
"1790",2020,"SI",38373,2792,15.28,5
"1791",2021,"SI",38373,2792,15.28,5
"1792",2010,"SI",33093,2445,14.96,5
"1793",2011,"SI",33637.75,2487,14.8075,5
"1794",2012,"SI",34182.5,2529,14.655,5
"1795",2013,"SI",34727.25,2571,14.5025,5
"1796",2014,"SI",35272,2613,14.35,5
"1797",2015,"SI",36047.25,2657.75,14.5825,5
"1798",2016,"SI",36822.5,2702.5,14.815,5
"1799",2017,"SI",37597.75,2747.25,15.0475,5
"1800",2018,"SI",38373,2792,15.28,5
"1801",2019,"SK",7219,580,3.38,1
"1802",2020,"SK",7219,580,3.38,1
"1803",2021,"SK",7219,580,3.38,1
"1804",2010,"SK",4761,370,2.27,1
"1805",2011,"SK",4925.75,384.5,2.32,1
"1806",2012,"SK",5090.5,399,2.37,1
"1807",2013,"SK",5255.25,413.5,2.42,1
"1808",2014,"SK",5420,428,2.47,1
"1809",2015,"SK",5869.75,466,2.6975,1
"1810",2016,"SK",6319.5,504,2.925,1
"1811",2017,"SK",6769.25,542,3.1525,1
"1812",2018,"SK",7219,580,3.38,1
"1813",2019,"SK",9744,779,4.53,2
"1814",2020,"SK",9744,779,4.53,2
"1815",2021,"SK",9744,779,4.53,2
"1816",2010,"SK",6609,507,3.1,2
"1817",2011,"SK",6876.5,530.25,3.1875,2
"1818",2012,"SK",7144,553.5,3.275,2
"1819",2013,"SK",7411.5,576.75,3.3625,2
"1820",2014,"SK",7679,600,3.45,2
"1821",2015,"SK",8195.25,644.75,3.72,2
"1822",2016,"SK",8711.5,689.5,3.99,2
"1823",2017,"SK",9227.75,734.25,4.26,2
"1824",2018,"SK",9744,779,4.53,2
"1825",2019,"SK",12250,979,5.64,3
"1826",2020,"SK",12250,979,5.64,3
"1827",2021,"SK",12250,979,5.64,3
"1828",2010,"SK",8317,644,3.93,3
"1829",2011,"SK",8672.25,674.25,4.0475,3
"1830",2012,"SK",9027.5,704.5,4.165,3
"1831",2013,"SK",9382.75,734.75,4.2825,3
"1832",2014,"SK",9738,765,4.4,3
"1833",2015,"SK",10366,818.5,4.71,3
"1834",2016,"SK",10994,872,5.02,3
"1835",2017,"SK",11622,925.5,5.33,3
"1836",2018,"SK",12250,979,5.64,3
"1837",2019,"SK",15652,1238,7.12,4
"1838",2020,"SK",15652,1238,7.12,4
"1839",2021,"SK",15652,1238,7.12,4
"1840",2010,"SK",10474,814,4.94,4
"1841",2011,"SK",10993,857,5.12,4
"1842",2012,"SK",11512,900,5.3,4
"1843",2013,"SK",12031,943,5.48,4
"1844",2014,"SK",12550,986,5.66,4
"1845",2015,"SK",13325.5,1049,6.025,4
"1846",2016,"SK",14101,1112,6.39,4
"1847",2017,"SK",14876.5,1175,6.755,4
"1848",2018,"SK",15652,1238,7.12,4
"1849",2019,"SK",24261,1866,10.72,5
"1850",2020,"SK",24261,1866,10.72,5
"1851",2021,"SK",24261,1866,10.72,5
"1852",2010,"SK",16331,1240,7.57,5
"1853",2011,"SK",17260,1308.25,7.85,5
"1854",2012,"SK",18189,1376.5,8.13,5
"1855",2013,"SK",19118,1444.75,8.41,5
"1856",2014,"SK",20047,1513,8.69,5
"1857",2015,"SK",21100.5,1601.25,9.1975,5
"1858",2016,"SK",22154,1689.5,9.705,5
"1859",2017,"SK",23207.5,1777.75,10.2125,5
"1860",2018,"SK",24261,1866,10.72,5
"1861",2019,"TR",4267,355,1.81,1
"1862",2020,"TR",4267,355,1.81,1
"1863",2021,"TR",4267,355,1.81,1
"1864",2010,"TR",4476,381,1.94,1
"1865",2011,"TR",4495,383.25,1.9525,1
"1866",2012,"TR",4514,385.5,1.965,1
"1867",2013,"TR",4533,387.75,1.9775,1
"1868",2014,"TR",4552,390,1.99,1
"1869",2015,"TR",4480.75,381.25,1.945,1
"1870",2016,"TR",4409.5,372.5,1.9,1
"1871",2017,"TR",4338.25,363.75,1.855,1
"1872",2018,"TR",4267,355,1.81,1
"1873",2019,"TR",5123,389,1.95,2
"1874",2020,"TR",5123,389,1.95,2
"1875",2021,"TR",5123,389,1.95,2
"1876",2010,"TR",4751,381,1.94,2
"1877",2011,"TR",4796,384.5,1.96,2
"1878",2012,"TR",4841,388,1.98,2
"1879",2013,"TR",4886,391.5,2,2
"1880",2014,"TR",4931,395,2.02,2
"1881",2015,"TR",4979,393.5,2.0025,2
"1882",2016,"TR",5027,392,1.985,2
"1883",2017,"TR",5075,390.5,1.9675,2
"1884",2018,"TR",5123,389,1.95,2
"1885",2019,"TR",6972,517,2.56,3
"1886",2020,"TR",6972,517,2.56,3
"1887",2021,"TR",6972,517,2.56,3
"1888",2010,"TR",6022,450,2.22,3
"1889",2011,"TR",6126,458,2.2675,3
"1890",2012,"TR",6230,466,2.315,3
"1891",2013,"TR",6334,474,2.3625,3
"1892",2014,"TR",6438,482,2.41,3
"1893",2015,"TR",6571.5,490.75,2.4475,3
"1894",2016,"TR",6705,499.5,2.485,3
"1895",2017,"TR",6838.5,508.25,2.5225,3
"1896",2018,"TR",6972,517,2.56,3
"1897",2019,"TR",9845,767,3.91,4
"1898",2020,"TR",9845,767,3.91,4
"1899",2021,"TR",9845,767,3.91,4
"1900",2010,"TR",9872,701,3.4,4
"1901",2011,"TR",9728.75,697.75,3.395,4
"1902",2012,"TR",9585.5,694.5,3.39,4
"1903",2013,"TR",9442.25,691.25,3.385,4
"1904",2014,"TR",9299,688,3.38,4
"1905",2015,"TR",9435.5,707.75,3.5125,4
"1906",2016,"TR",9572,727.5,3.645,4
"1907",2017,"TR",9708.5,747.25,3.7775,4
"1908",2018,"TR",9845,767,3.91,4
"1909",2019,"TR",15460,1239,6.84,5
"1910",2020,"TR",15460,1239,6.84,5
"1911",2021,"TR",15460,1239,6.84,5
"1912",2010,"TR",21101,1453,7.35,5
"1913",2011,"TR",20651.75,1434.75,7.2425,5
"1914",2012,"TR",20202.5,1416.5,7.135,5
"1915",2013,"TR",19753.25,1398.25,7.0275,5
"1916",2014,"TR",19304,1380,6.92,5
"1917",2015,"TR",18343,1344.75,6.9,5
"1918",2016,"TR",17382,1309.5,6.88,5
"1919",2017,"TR",16421,1274.25,6.86,5
"1920",2018,"TR",15460,1239,6.84,5
"1921",2019,"UK",17707,1564,9.48,1
"1922",2020,"UK",17707,1564,9.48,1
"1923",2021,"UK",17707,1564,9.48,1
"1924",2010,"UK",14356,1223,7.32,1
"1925",2011,"UK",14926.5,1274,7.635,1
"1926",2012,"UK",15497,1325,7.95,1
"1927",2013,"UK",16067.5,1376,8.265,1
"1928",2014,"UK",16638,1427,8.58,1
"1929",2015,"UK",16905.25,1461.25,8.805,1
"1930",2016,"UK",17172.5,1495.5,9.03,1
"1931",2017,"UK",17439.75,1529.75,9.255,1
"1932",2018,"UK",17707,1564,9.48,1
"1933",2019,"UK",23851,1994,11.59,2
"1934",2020,"UK",23851,1994,11.59,2
"1935",2021,"UK",23851,1994,11.59,2
"1936",2010,"UK",20277,1668,9.72,2
"1937",2011,"UK",21036.5,1730.75,10.0725,2
"1938",2012,"UK",21796,1793.5,10.425,2
"1939",2013,"UK",22555.5,1856.25,10.7775,2
"1940",2014,"UK",23315,1919,11.13,2
"1941",2015,"UK",23449,1937.75,11.245,2
"1942",2016,"UK",23583,1956.5,11.36,2
"1943",2017,"UK",23717,1975.25,11.475,2
"1944",2018,"UK",23851,1994,11.59,2
"1945",2019,"UK",31649,2630,15.2,3
"1946",2020,"UK",31649,2630,15.2,3
"1947",2021,"UK",31649,2630,15.2,3
"1948",2010,"UK",27366,2252,12.99,3
"1949",2011,"UK",28320.25,2332.25,13.445,3
"1950",2012,"UK",29274.5,2412.5,13.9,3
"1951",2013,"UK",30228.75,2492.75,14.355,3
"1952",2014,"UK",31183,2573,14.81,3
"1953",2015,"UK",31299.5,2587.25,14.9075,3
"1954",2016,"UK",31416,2601.5,15.005,3
"1955",2017,"UK",31532.5,2615.75,15.1025,3
"1956",2018,"UK",31649,2630,15.2,3
"1957",2019,"UK",42727,3551,21.13,4
"1958",2020,"UK",42727,3551,21.13,4
"1959",2021,"UK",42727,3551,21.13,4
"1960",2010,"UK",37576,3108,18.4,4
"1961",2011,"UK",38790.25,3205,18.95,4
"1962",2012,"UK",40004.5,3302,19.5,4
"1963",2013,"UK",41218.75,3399,20.05,4
"1964",2014,"UK",42433,3496,20.6,4
"1965",2015,"UK",42506.5,3509.75,20.7325,4
"1966",2016,"UK",42580,3523.5,20.865,4
"1967",2017,"UK",42653.5,3537.25,20.9975,4
"1968",2018,"UK",42727,3551,21.13,4
"1969",2019,"UK",68012,5506,33.43,5
"1970",2020,"UK",68012,5506,33.43,5
"1971",2021,"UK",68012,5506,33.43,5
"1972",2010,"UK",59470,4856,29.77,5
"1973",2011,"UK",61209.75,4981.5,30.505,5
"1974",2012,"UK",62949.5,5107,31.24,5
"1975",2013,"UK",64689.25,5232.5,31.975,5
"1976",2014,"UK",66429,5358,32.71,5
"1977",2015,"UK",66824.75,5395,32.89,5
"1978",2016,"UK",67220.5,5432,33.07,5
"1979",2017,"UK",67616.25,5469,33.25,5
"1980",2018,"UK",68012,5506,33.43,5
"1981",2019,"RS",3799,318,1.74,1
"1982",2020,"RS",3799,318,1.74,1
"1983",2021,"RS",3799,318,1.74,1
"1984",2010,"RS",NA,NA,NA,1
"1985",2011,"RS",NA,NA,NA,1
"1986",2012,"RS",NA,NA,NA,1
"1987",2013,"RS",NA,NA,NA,1
"1988",2014,"RS",3222,267,1.46,1
"1989",2015,"RS",3366.25,279.75,1.53,1
"1990",2016,"RS",3510.5,292.5,1.6,1
"1991",2017,"RS",3654.75,305.25,1.67,1
"1992",2018,"RS",3799,318,1.74,1
"1993",2019,"RS",4931,399,2.16,2
"1994",2020,"RS",4931,399,2.16,2
"1995",2021,"RS",4931,399,2.16,2
"1996",2010,"RS",NA,NA,NA,2
"1997",2011,"RS",NA,NA,NA,2
"1998",2012,"RS",NA,NA,NA,2
"1999",2013,"RS",NA,NA,NA,2
"2000",2014,"RS",4452,361,1.95,2
"2001",2015,"RS",4571.75,370.5,2.0025,2
"2002",2016,"RS",4691.5,380,2.055,2
"2003",2017,"RS",4811.25,389.5,2.1075,2
"2004",2018,"RS",4931,399,2.16,2
"2005",2019,"RS",6394,516,2.81,3
"2006",2020,"RS",6394,516,2.81,3
"2007",2021,"RS",6394,516,2.81,3
"2008",2010,"RS",NA,NA,NA,3
"2009",2011,"RS",NA,NA,NA,3
"2010",2012,"RS",NA,NA,NA,3
"2011",2013,"RS",NA,NA,NA,3
"2012",2014,"RS",5949,486,2.63,3
"2013",2015,"RS",6060.25,493.5,2.675,3
"2014",2016,"RS",6171.5,501,2.72,3
"2015",2017,"RS",6282.75,508.5,2.765,3
"2016",2018,"RS",6394,516,2.81,3
"2017",2019,"RS",8166,664,3.62,4
"2018",2020,"RS",8166,664,3.62,4
"2019",2021,"RS",8166,664,3.62,4
"2020",2010,"RS",NA,NA,NA,4
"2021",2011,"RS",NA,NA,NA,4
"2022",2012,"RS",NA,NA,NA,4
"2023",2013,"RS",NA,NA,NA,4
"2024",2014,"RS",7569,620,3.38,4
"2025",2015,"RS",7718.25,631,3.44,4
"2026",2016,"RS",7867.5,642,3.5,4
"2027",2017,"RS",8016.75,653,3.56,4
"2028",2018,"RS",8166,664,3.62,4
"2029",2019,"RS",13125,1035,5.6,5
"2030",2020,"RS",13125,1035,5.6,5
"2031",2021,"RS",13125,1035,5.6,5
"2032",2010,"RS",NA,NA,NA,5
"2033",2011,"RS",NA,NA,NA,5
"2034",2012,"RS",NA,NA,NA,5
"2035",2013,"RS",NA,NA,NA,5
"2036",2014,"RS",11895,978,5.27,5
"2037",2015,"RS",12202.5,992.25,5.3525,5
"2038",2016,"RS",12510,1006.5,5.435,5
"2039",2017,"RS",12817.5,1020.75,5.5175,5
"2040",2018,"RS",13125,1035,5.6,5
